Preserving unverified copy /private/tmp/ldd-local-o6r1eblg/hook-bytecode-q1yyq8mj/codex/skills/actor-model: ENOENT: no such file or directory, lstat '/private/tmp/ldd-local-o6r1eblg/hook-bytecode-q1yyq8mj/store-codex/generations/9a89dd41f75557e1eb14007dfd168f5fddfba2d69fe5d110903dd65bca9f9edc'
Preserving unverified copy /private/tmp/ldd-local-o6r1eblg/hook-bytecode-q1yyq8mj/codex/skills/adversarial-review: ENOENT: no such file or directory, lstat '/private/tmp/ldd-local-o6r1eblg/hook-bytecode-q1yyq8mj/store-codex/generations/9a89dd41f75557e1eb14007dfd168f5fddfba2d69fe5d110903dd65bca9f9edc'
Preserving unverified copy /private/tmp/ldd-local-o6r1eblg/hook-bytecode-q1yyq8mj/codex/skills/agent-team-creator: ENOENT: no such file or directory, lstat '/private/tmp/ldd-local-o6r1eblg/hook-bytecode-q1yyq8mj/store-codex/generations/9a89dd41f75557e1eb14007dfd168f5fddfba2d69fe5d110903dd65bca9f9edc'
Preserving unverified copy /private/tmp/ldd-local-o6r1eblg/hook-bytecode-q1yyq8mj/codex/skills/agent-team-handoff: ENOENT: no such file or directory, lstat '/private/tmp/ldd-local-o6r1eblg/hook-bytecode-q1yyq8mj/store-codex/generations/9a89dd41f75557e1eb14007dfd168f5fddfba2d69fe5d110903dd65bca9f9edc'
Preserving unverified copy /private/tmp/ldd-local-o6r1eblg/hook-bytecode-q1yyq8mj/codex/skills/agent-team-manage: ENOENT: no such file or directory, lstat '/private/tmp/ldd-local-o6r1eblg/hook-bytecode-q1yyq8mj/store-codex/generations/9a89dd41f75557e1eb14007dfd168f5fddfba2d69fe5d110903dd65bca9f9edc'
Preserving unverified copy /private/tmp/ldd-local-o6r1eblg/hook-bytecode-q1yyq8mj/codex/skills/agent-team-models: ENOENT: no such file or directory, lstat '/private/tmp/ldd-local-o6r1eblg/hook-bytecode-q1yyq8mj/store-codex/generations/9a89dd41f75557e1eb14007dfd168f5fddfba2d69fe5d110903dd65bca9f9edc'
Preserving unverified copy /private/tmp/ldd-local-o6r1eblg/hook-bytecode-q1yyq8mj/codex/skills/android-compose-adaptive: ENOENT: no such file or directory, lstat '/private/tmp/ldd-local-o6r1eblg/hook-bytecode-q1yyq8mj/store-codex/generations/9a89dd41f75557e1eb14007dfd168f5fddfba2d69fe5d110903dd65bca9f9edc'
Preserving unverified copy /private/tmp/ldd-local-o6r1eblg/hook-bytecode-q1yyq8mj/codex/skills/android-edge-to-edge: ENOENT: no such file or directory, lstat '/private/tmp/ldd-local-o6r1eblg/hook-bytecode-q1yyq8mj/store-codex/generations/9a89dd41f75557e1eb14007dfd168f5fddfba2d69fe5d110903dd65bca9f9edc'
Preserving unverified copy /private/tmp/ldd-local-o6r1eblg/hook-bytecode-q1yyq8mj/codex/skills/argocd-multicloud: ENOENT: no such file or directory, lstat '/private/tmp/ldd-local-o6r1eblg/hook-bytecode-q1yyq8mj/store-codex/generations/9a89dd41f75557e1eb14007dfd168f5fddfba2d69fe5d110903dd65bca9f9edc'
Preserving unverified copy /private/tmp/ldd-local-o6r1eblg/hook-bytecode-q1yyq8mj/codex/skills/artifact-refiner: ENOENT: no such file or directory, lstat '/private/tmp/ldd-local-o6r1eblg/hook-bytecode-q1yyq8mj/store-codex/generations/9a89dd41f75557e1eb14007dfd168f5fddfba2d69fe5d110903dd65bca9f9edc'
Preserving unverified copy /private/tmp/ldd-local-o6r1eblg/hook-bytecode-q1yyq8mj/codex/skills/async-patterns: ENOENT: no such file or directory, lstat '/private/tmp/ldd-local-o6r1eblg/hook-bytecode-q1yyq8mj/store-codex/generations/9a89dd41f75557e1eb14007dfd168f5fddfba2d69fe5d110903dd65bca9f9edc'
Preserving unverified copy /private/tmp/ldd-local-o6r1eblg/hook-bytecode-q1yyq8mj/codex/skills/axum-patterns: ENOENT: no such file or directory, lstat '/private/tmp/ldd-local-o6r1eblg/hook-bytecode-q1yyq8mj/store-codex/generations/9a89dd41f75557e1eb14007dfd168f5fddfba2d69fe5d110903dd65bca9f9edc'
Preserving unverified copy /private/tmp/ldd-local-o6r1eblg/hook-bytecode-q1yyq8mj/codex/skills/bdd-cucumber-js: ENOENT: no such file or directory, lstat '/private/tmp/ldd-local-o6r1eblg/hook-bytecode-q1yyq8mj/store-codex/generations/9a89dd41f75557e1eb14007dfd168f5fddfba2d69fe5d110903dd65bca9f9edc'
Preserving unverified copy /private/tmp/ldd-local-o6r1eblg/hook-bytecode-q1yyq8mj/codex/skills/bdd-cucumber-rs: ENOENT: no such file or directory, lstat '/private/tmp/ldd-local-o6r1eblg/hook-bytecode-q1yyq8mj/store-codex/generations/9a89dd41f75557e1eb14007dfd168f5fddfba2d69fe5d110903dd65bca9f9edc'
Preserving unverified copy /private/tmp/ldd-local-o6r1eblg/hook-bytecode-q1yyq8mj/codex/skills/bdd-lifecycle-loop: ENOENT: no such file or directory, lstat '/private/tmp/ldd-local-o6r1eblg/hook-bytecode-q1yyq8mj/store-codex/generations/9a89dd41f75557e1eb14007dfd168f5fddfba2d69fe5d110903dd65bca9f9edc'
Preserving unverified copy /private/tmp/ldd-local-o6r1eblg/hook-bytecode-q1yyq8mj/codex/skills/bdd-testing: ENOENT: no such file or directory, lstat '/private/tmp/ldd-local-o6r1eblg/hook-bytecode-q1yyq8mj/store-codex/generations/9a89dd41f75557e1eb14007dfd168f5fddfba2d69fe5d110903dd65bca9f9edc'
Preserving unverified copy /private/tmp/ldd-local-o6r1eblg/hook-bytecode-q1yyq8mj/codex/skills/bdd-video-proof: ENOENT: no such file or directory, lstat '/private/tmp/ldd-local-o6r1eblg/hook-bytecode-q1yyq8mj/store-codex/generations/9a89dd41f75557e1eb14007dfd168f5fddfba2d69fe5d110903dd65bca9f9edc'
Preserving unverified copy /private/tmp/ldd-local-o6r1eblg/hook-bytecode-q1yyq8mj/codex/skills/better-accessibility: ENOENT: no such file or directory, lstat '/private/tmp/ldd-local-o6r1eblg/hook-bytecode-q1yyq8mj/store-codex/generations/9a89dd41f75557e1eb14007dfd168f5fddfba2d69fe5d110903dd65bca9f9edc'
Preserving unverified copy /private/tmp/ldd-local-o6r1eblg/hook-bytecode-q1yyq8mj/codex/skills/better-colors: ENOENT: no such file or directory, lstat '/private/tmp/ldd-local-o6r1eblg/hook-bytecode-q1yyq8mj/store-codex/generations/9a89dd41f75557e1eb14007dfd168f5fddfba2d69fe5d110903dd65bca9f9edc'
Preserving unverified copy /private/tmp/ldd-local-o6r1eblg/hook-bytecode-q1yyq8mj/codex/skills/better-interface: ENOENT: no such file or directory, lstat '/private/tmp/ldd-local-o6r1eblg/hook-bytecode-q1yyq8mj/store-codex/generations/9a89dd41f75557e1eb14007dfd168f5fddfba2d69fe5d110903dd65bca9f9edc'
Preserving unverified copy /private/tmp/ldd-local-o6r1eblg/hook-bytecode-q1yyq8mj/codex/skills/better-layout: ENOENT: no such file or directory, lstat '/private/tmp/ldd-local-o6r1eblg/hook-bytecode-q1yyq8mj/store-codex/generations/9a89dd41f75557e1eb14007dfd168f5fddfba2d69fe5d110903dd65bca9f9edc'
Preserving unverified copy /private/tmp/ldd-local-o6r1eblg/hook-bytecode-q1yyq8mj/codex/skills/better-typography: ENOENT: no such file or directory, lstat '/private/tmp/ldd-local-o6r1eblg/hook-bytecode-q1yyq8mj/store-codex/generations/9a89dd41f75557e1eb14007dfd168f5fddfba2d69fe5d110903dd65bca9f9edc'
Preserving unverified copy /private/tmp/ldd-local-o6r1eblg/hook-bytecode-q1yyq8mj/codex/skills/better-ui: ENOENT: no such file or directory, lstat '/private/tmp/ldd-local-o6r1eblg/hook-bytecode-q1yyq8mj/store-codex/generations/9a89dd41f75557e1eb14007dfd168f5fddfba2d69fe5d110903dd65bca9f9edc'
Preserving unverified copy /private/tmp/ldd-local-o6r1eblg/hook-bytecode-q1yyq8mj/codex/skills/better-writing: ENOENT: no such file or directory, lstat '/private/tmp/ldd-local-o6r1eblg/hook-bytecode-q1yyq8mj/store-codex/generations/9a89dd41f75557e1eb14007dfd168f5fddfba2d69fe5d110903dd65bca9f9edc'
Preserving unverified copy /private/tmp/ldd-local-o6r1eblg/hook-bytecode-q1yyq8mj/codex/skills/break: ENOENT: no such file or directory, lstat '/private/tmp/ldd-local-o6r1eblg/hook-bytecode-q1yyq8mj/store-codex/generations/9a89dd41f75557e1eb14007dfd168f5fddfba2d69fe5d110903dd65bca9f9edc'
Preserving unverified copy /private/tmp/ldd-local-o6r1eblg/hook-bytecode-q1yyq8mj/codex/skills/clean-architecture: ENOENT: no such file or directory, lstat '/private/tmp/ldd-local-o6r1eblg/hook-bytecode-q1yyq8mj/store-codex/generations/9a89dd41f75557e1eb14007dfd168f5fddfba2d69fe5d110903dd65bca9f9edc'
Preserving unverified copy /private/tmp/ldd-local-o6r1eblg/hook-bytecode-q1yyq8mj/codex/skills/clone-skill: ENOENT: no such file or directory, lstat '/private/tmp/ldd-local-o6r1eblg/hook-bytecode-q1yyq8mj/store-codex/generations/9a89dd41f75557e1eb14007dfd168f5fddfba2d69fe5d110903dd65bca9f9edc'
Preserving unverified copy /private/tmp/ldd-local-o6r1eblg/hook-bytecode-q1yyq8mj/codex/skills/convert-htmx-pdf: ENOENT: no such file or directory, lstat '/private/tmp/ldd-local-o6r1eblg/hook-bytecode-q1yyq8mj/store-codex/generations/9a89dd41f75557e1eb14007dfd168f5fddfba2d69fe5d110903dd65bca9f9edc'
Preserving unverified copy /private/tmp/ldd-local-o6r1eblg/hook-bytecode-q1yyq8mj/codex/skills/convert-htmx-react: ENOENT: no such file or directory, lstat '/private/tmp/ldd-local-o6r1eblg/hook-bytecode-q1yyq8mj/store-codex/generations/9a89dd41f75557e1eb14007dfd168f5fddfba2d69fe5d110903dd65bca9f9edc'
Preserving unverified copy /private/tmp/ldd-local-o6r1eblg/hook-bytecode-q1yyq8mj/codex/skills/convert-md-to-htmx: ENOENT: no such file or directory, lstat '/private/tmp/ldd-local-o6r1eblg/hook-bytecode-q1yyq8mj/store-codex/generations/9a89dd41f75557e1eb14007dfd168f5fddfba2d69fe5d110903dd65bca9f9edc'
Preserving unverified copy /private/tmp/ldd-local-o6r1eblg/hook-bytecode-q1yyq8mj/codex/skills/cowork-management: ENOENT: no such file or directory, lstat '/private/tmp/ldd-local-o6r1eblg/hook-bytecode-q1yyq8mj/store-codex/generations/9a89dd41f75557e1eb14007dfd168f5fddfba2d69fe5d110903dd65bca9f9edc'
Preserving unverified copy /private/tmp/ldd-local-o6r1eblg/hook-bytecode-q1yyq8mj/codex/skills/create-native-agent: ENOENT: no such file or directory, lstat '/private/tmp/ldd-local-o6r1eblg/hook-bytecode-q1yyq8mj/store-codex/generations/9a89dd41f75557e1eb14007dfd168f5fddfba2d69fe5d110903dd65bca9f9edc'
Preserving unverified copy /private/tmp/ldd-local-o6r1eblg/hook-bytecode-q1yyq8mj/codex/skills/create-skill: ENOENT: no such file or directory, lstat '/private/tmp/ldd-local-o6r1eblg/hook-bytecode-q1yyq8mj/store-codex/generations/9a89dd41f75557e1eb14007dfd168f5fddfba2d69fe5d110903dd65bca9f9edc'
Preserving unverified copy /private/tmp/ldd-local-o6r1eblg/hook-bytecode-q1yyq8mj/codex/skills/deep-research: ENOENT: no such file or directory, lstat '/private/tmp/ldd-local-o6r1eblg/hook-bytecode-q1yyq8mj/store-codex/generations/9a89dd41f75557e1eb14007dfd168f5fddfba2d69fe5d110903dd65bca9f9edc'
Preserving unverified copy /private/tmp/ldd-local-o6r1eblg/hook-bytecode-q1yyq8mj/codex/skills/delivery-cadence: ENOENT: no such file or directory, lstat '/private/tmp/ldd-local-o6r1eblg/hook-bytecode-q1yyq8mj/store-codex/generations/9a89dd41f75557e1eb14007dfd168f5fddfba2d69fe5d110903dd65bca9f9edc'
Preserving unverified copy /private/tmp/ldd-local-o6r1eblg/hook-bytecode-q1yyq8mj/codex/skills/design-svg-logo: ENOENT: no such file or directory, lstat '/private/tmp/ldd-local-o6r1eblg/hook-bytecode-q1yyq8mj/store-codex/generations/9a89dd41f75557e1eb14007dfd168f5fddfba2d69fe5d110903dd65bca9f9edc'
Preserving unverified copy /private/tmp/ldd-local-o6r1eblg/hook-bytecode-q1yyq8mj/codex/skills/design-taste-frontend: ENOENT: no such file or directory, lstat '/private/tmp/ldd-local-o6r1eblg/hook-bytecode-q1yyq8mj/store-codex/generations/9a89dd41f75557e1eb14007dfd168f5fddfba2d69fe5d110903dd65bca9f9edc'
Preserving unverified copy /private/tmp/ldd-local-o6r1eblg/hook-bytecode-q1yyq8mj/codex/skills/design-taste-frontend-v1: ENOENT: no such file or directory, lstat '/private/tmp/ldd-local-o6r1eblg/hook-bytecode-q1yyq8mj/store-codex/generations/9a89dd41f75557e1eb14007dfd168f5fddfba2d69fe5d110903dd65bca9f9edc'
Preserving unverified copy /private/tmp/ldd-local-o6r1eblg/hook-bytecode-q1yyq8mj/codex/skills/disk-space-guardian: ENOENT: no such file or directory, lstat '/private/tmp/ldd-local-o6r1eblg/hook-bytecode-q1yyq8mj/store-codex/generations/9a89dd41f75557e1eb14007dfd168f5fddfba2d69fe5d110903dd65bca9f9edc'
Preserving unverified copy /private/tmp/ldd-local-o6r1eblg/hook-bytecode-q1yyq8mj/codex/skills/entity-audit: ENOENT: no such file or directory, lstat '/private/tmp/ldd-local-o6r1eblg/hook-bytecode-q1yyq8mj/store-codex/generations/9a89dd41f75557e1eb14007dfd168f5fddfba2d69fe5d110903dd65bca9f9edc'
Preserving unverified copy /private/tmp/ldd-local-o6r1eblg/hook-bytecode-q1yyq8mj/codex/skills/entity-crud-form: ENOENT: no such file or directory, lstat '/private/tmp/ldd-local-o6r1eblg/hook-bytecode-q1yyq8mj/store-codex/generations/9a89dd41f75557e1eb14007dfd168f5fddfba2d69fe5d110903dd65bca9f9edc'
Preserving unverified copy /private/tmp/ldd-local-o6r1eblg/hook-bytecode-q1yyq8mj/codex/skills/entity-crud-page: ENOENT: no such file or directory, lstat '/private/tmp/ldd-local-o6r1eblg/hook-bytecode-q1yyq8mj/store-codex/generations/9a89dd41f75557e1eb14007dfd168f5fddfba2d69fe5d110903dd65bca9f9edc'
Preserving unverified copy /private/tmp/ldd-local-o6r1eblg/hook-bytecode-q1yyq8mj/codex/skills/entity-crud-relations: ENOENT: no such file or directory, lstat '/private/tmp/ldd-local-o6r1eblg/hook-bytecode-q1yyq8mj/store-codex/generations/9a89dd41f75557e1eb14007dfd168f5fddfba2d69fe5d110903dd65bca9f9edc'
Preserving unverified copy /private/tmp/ldd-local-o6r1eblg/hook-bytecode-q1yyq8mj/codex/skills/entity-crud-table: ENOENT: no such file or directory, lstat '/private/tmp/ldd-local-o6r1eblg/hook-bytecode-q1yyq8mj/store-codex/generations/9a89dd41f75557e1eb14007dfd168f5fddfba2d69fe5d110903dd65bca9f9edc'
Preserving unverified copy /private/tmp/ldd-local-o6r1eblg/hook-bytecode-q1yyq8mj/codex/skills/entity-gc: ENOENT: no such file or directory, lstat '/private/tmp/ldd-local-o6r1eblg/hook-bytecode-q1yyq8mj/store-codex/generations/9a89dd41f75557e1eb14007dfd168f5fddfba2d69fe5d110903dd65bca9f9edc'
Preserving unverified copy /private/tmp/ldd-local-o6r1eblg/hook-bytecode-q1yyq8mj/codex/skills/entity-gql-hooks: ENOENT: no such file or directory, lstat '/private/tmp/ldd-local-o6r1eblg/hook-bytecode-q1yyq8mj/store-codex/generations/9a89dd41f75557e1eb14007dfd168f5fddfba2d69fe5d110903dd65bca9f9edc'
Preserving unverified copy /private/tmp/ldd-local-o6r1eblg/hook-bytecode-q1yyq8mj/codex/skills/entity-gql-setup: ENOENT: no such file or directory, lstat '/private/tmp/ldd-local-o6r1eblg/hook-bytecode-q1yyq8mj/store-codex/generations/9a89dd41f75557e1eb14007dfd168f5fddfba2d69fe5d110903dd65bca9f9edc'
Preserving unverified copy /private/tmp/ldd-local-o6r1eblg/hook-bytecode-q1yyq8mj/codex/skills/entity-gql-subscription: ENOENT: no such file or directory, lstat '/private/tmp/ldd-local-o6r1eblg/hook-bytecode-q1yyq8mj/store-codex/generations/9a89dd41f75557e1eb14007dfd168f5fddfba2d69fe5d110903dd65bca9f9edc'
Preserving unverified copy /private/tmp/ldd-local-o6r1eblg/hook-bytecode-q1yyq8mj/codex/skills/entity-graph-crud: ENOENT: no such file or directory, lstat '/private/tmp/ldd-local-o6r1eblg/hook-bytecode-q1yyq8mj/store-codex/generations/9a89dd41f75557e1eb14007dfd168f5fddfba2d69fe5d110903dd65bca9f9edc'
Preserving unverified copy /private/tmp/ldd-local-o6r1eblg/hook-bytecode-q1yyq8mj/codex/skills/entity-graph-detect: ENOENT: no such file or directory, lstat '/private/tmp/ldd-local-o6r1eblg/hook-bytecode-q1yyq8mj/store-codex/generations/9a89dd41f75557e1eb14007dfd168f5fddfba2d69fe5d110903dd65bca9f9edc'
Preserving unverified copy /private/tmp/ldd-local-o6r1eblg/hook-bytecode-q1yyq8mj/codex/skills/entity-graph-graphql: ENOENT: no such file or directory, lstat '/private/tmp/ldd-local-o6r1eblg/hook-bytecode-q1yyq8mj/store-codex/generations/9a89dd41f75557e1eb14007dfd168f5fddfba2d69fe5d110903dd65bca9f9edc'
Preserving unverified copy /private/tmp/ldd-local-o6r1eblg/hook-bytecode-q1yyq8mj/codex/skills/entity-graph-init: ENOENT: no such file or directory, lstat '/private/tmp/ldd-local-o6r1eblg/hook-bytecode-q1yyq8mj/store-codex/generations/9a89dd41f75557e1eb14007dfd168f5fddfba2d69fe5d110903dd65bca9f9edc'
Preserving unverified copy /private/tmp/ldd-local-o6r1eblg/hook-bytecode-q1yyq8mj/codex/skills/entity-graph-migrate: ENOENT: no such file or directory, lstat '/private/tmp/ldd-local-o6r1eblg/hook-bytecode-q1yyq8mj/store-codex/generations/9a89dd41f75557e1eb14007dfd168f5fddfba2d69fe5d110903dd65bca9f9edc'
Preserving unverified copy /private/tmp/ldd-local-o6r1eblg/hook-bytecode-q1yyq8mj/codex/skills/entity-graph-optimize: ENOENT: no such file or directory, lstat '/private/tmp/ldd-local-o6r1eblg/hook-bytecode-q1yyq8mj/store-codex/generations/9a89dd41f75557e1eb14007dfd168f5fddfba2d69fe5d110903dd65bca9f9edc'
Preserving unverified copy /private/tmp/ldd-local-o6r1eblg/hook-bytecode-q1yyq8mj/codex/skills/entity-graph-prisma: ENOENT: no such file or directory, lstat '/private/tmp/ldd-local-o6r1eblg/hook-bytecode-q1yyq8mj/store-codex/generations/9a89dd41f75557e1eb14007dfd168f5fddfba2d69fe5d110903dd65bca9f9edc'
Preserving unverified copy /private/tmp/ldd-local-o6r1eblg/hook-bytecode-q1yyq8mj/codex/skills/entity-graph-realtime: ENOENT: no such file or directory, lstat '/private/tmp/ldd-local-o6r1eblg/hook-bytecode-q1yyq8mj/store-codex/generations/9a89dd41f75557e1eb14007dfd168f5fddfba2d69fe5d110903dd65bca9f9edc'
Preserving unverified copy /private/tmp/ldd-local-o6r1eblg/hook-bytecode-q1yyq8mj/codex/skills/entity-graph-setup: ENOENT: no such file or directory, lstat '/private/tmp/ldd-local-o6r1eblg/hook-bytecode-q1yyq8mj/store-codex/generations/9a89dd41f75557e1eb14007dfd168f5fddfba2d69fe5d110903dd65bca9f9edc'
Preserving unverified copy /private/tmp/ldd-local-o6r1eblg/hook-bytecode-q1yyq8mj/codex/skills/entity-perf: ENOENT: no such file or directory, lstat '/private/tmp/ldd-local-o6r1eblg/hook-bytecode-q1yyq8mj/store-codex/generations/9a89dd41f75557e1eb14007dfd168f5fddfba2d69fe5d110903dd65bca9f9edc'
Preserving unverified copy /private/tmp/ldd-local-o6r1eblg/hook-bytecode-q1yyq8mj/codex/skills/entity-prisma-api: ENOENT: no such file or directory, lstat '/private/tmp/ldd-local-o6r1eblg/hook-bytecode-q1yyq8mj/store-codex/generations/9a89dd41f75557e1eb14007dfd168f5fddfba2d69fe5d110903dd65bca9f9edc'
Preserving unverified copy /private/tmp/ldd-local-o6r1eblg/hook-bytecode-q1yyq8mj/codex/skills/entity-prisma-generator: ENOENT: no such file or directory, lstat '/private/tmp/ldd-local-o6r1eblg/hook-bytecode-q1yyq8mj/store-codex/generations/9a89dd41f75557e1eb14007dfd168f5fddfba2d69fe5d110903dd65bca9f9edc'
Preserving unverified copy /private/tmp/ldd-local-o6r1eblg/hook-bytecode-q1yyq8mj/codex/skills/entity-prisma-migrate: ENOENT: no such file or directory, lstat '/private/tmp/ldd-local-o6r1eblg/hook-bytecode-q1yyq8mj/store-codex/generations/9a89dd41f75557e1eb14007dfd168f5fddfba2d69fe5d110903dd65bca9f9edc'
Preserving unverified copy /private/tmp/ldd-local-o6r1eblg/hook-bytecode-q1yyq8mj/codex/skills/entity-prisma-setup: ENOENT: no such file or directory, lstat '/private/tmp/ldd-local-o6r1eblg/hook-bytecode-q1yyq8mj/store-codex/generations/9a89dd41f75557e1eb14007dfd168f5fddfba2d69fe5d110903dd65bca9f9edc'
Preserving unverified copy /private/tmp/ldd-local-o6r1eblg/hook-bytecode-q1yyq8mj/codex/skills/entity-realtime-channel: ENOENT: no such file or directory, lstat '/private/tmp/ldd-local-o6r1eblg/hook-bytecode-q1yyq8mj/store-codex/generations/9a89dd41f75557e1eb14007dfd168f5fddfba2d69fe5d110903dd65bca9f9edc'
Preserving unverified copy /private/tmp/ldd-local-o6r1eblg/hook-bytecode-q1yyq8mj/codex/skills/entity-realtime-local-first: ENOENT: no such file or directory, lstat '/private/tmp/ldd-local-o6r1eblg/hook-bytecode-q1yyq8mj/store-codex/generations/9a89dd41f75557e1eb14007dfd168f5fddfba2d69fe5d110903dd65bca9f9edc'
Preserving unverified copy /private/tmp/ldd-local-o6r1eblg/hook-bytecode-q1yyq8mj/codex/skills/entity-realtime-setup: ENOENT: no such file or directory, lstat '/private/tmp/ldd-local-o6r1eblg/hook-bytecode-q1yyq8mj/store-codex/generations/9a89dd41f75557e1eb14007dfd168f5fddfba2d69fe5d110903dd65bca9f9edc'
Preserving unverified copy /private/tmp/ldd-local-o6r1eblg/hook-bytecode-q1yyq8mj/codex/skills/entity-realtime-surreal-live: ENOENT: no such file or directory, lstat '/private/tmp/ldd-local-o6r1eblg/hook-bytecode-q1yyq8mj/store-codex/generations/9a89dd41f75557e1eb14007dfd168f5fddfba2d69fe5d110903dd65bca9f9edc'
Preserving unverified copy /private/tmp/ldd-local-o6r1eblg/hook-bytecode-q1yyq8mj/codex/skills/error-handling: ENOENT: no such file or directory, lstat '/private/tmp/ldd-local-o6r1eblg/hook-bytecode-q1yyq8mj/store-codex/generations/9a89dd41f75557e1eb14007dfd168f5fddfba2d69fe5d110903dd65bca9f9edc'
Preserving unverified copy /private/tmp/ldd-local-o6r1eblg/hook-bytecode-q1yyq8mj/codex/skills/evolve: ENOENT: no such file or directory, lstat '/private/tmp/ldd-local-o6r1eblg/hook-bytecode-q1yyq8mj/store-codex/generations/9a89dd41f75557e1eb14007dfd168f5fddfba2d69fe5d110903dd65bca9f9edc'
Preserving unverified copy /private/tmp/ldd-local-o6r1eblg/hook-bytecode-q1yyq8mj/codex/skills/evolve-analyze: ENOENT: no such file or directory, lstat '/private/tmp/ldd-local-o6r1eblg/hook-bytecode-q1yyq8mj/store-codex/generations/9a89dd41f75557e1eb14007dfd168f5fddfba2d69fe5d110903dd65bca9f9edc'
Preserving unverified copy /private/tmp/ldd-local-o6r1eblg/hook-bytecode-q1yyq8mj/codex/skills/evolve-assess: ENOENT: no such file or directory, lstat '/private/tmp/ldd-local-o6r1eblg/hook-bytecode-q1yyq8mj/store-codex/generations/9a89dd41f75557e1eb14007dfd168f5fddfba2d69fe5d110903dd65bca9f9edc'
Preserving unverified copy /private/tmp/ldd-local-o6r1eblg/hook-bytecode-q1yyq8mj/codex/skills/evolve-execute: ENOENT: no such file or directory, lstat '/private/tmp/ldd-local-o6r1eblg/hook-bytecode-q1yyq8mj/store-codex/generations/9a89dd41f75557e1eb14007dfd168f5fddfba2d69fe5d110903dd65bca9f9edc'
Preserving unverified copy /private/tmp/ldd-local-o6r1eblg/hook-bytecode-q1yyq8mj/codex/skills/evolve-plan: ENOENT: no such file or directory, lstat '/private/tmp/ldd-local-o6r1eblg/hook-bytecode-q1yyq8mj/store-codex/generations/9a89dd41f75557e1eb14007dfd168f5fddfba2d69fe5d110903dd65bca9f9edc'
Preserving unverified copy /private/tmp/ldd-local-o6r1eblg/hook-bytecode-q1yyq8mj/codex/skills/evolve-report: ENOENT: no such file or directory, lstat '/private/tmp/ldd-local-o6r1eblg/hook-bytecode-q1yyq8mj/store-codex/generations/9a89dd41f75557e1eb14007dfd168f5fddfba2d69fe5d110903dd65bca9f9edc'
Preserving unverified copy /private/tmp/ldd-local-o6r1eblg/hook-bytecode-q1yyq8mj/codex/skills/evolve-status: ENOENT: no such file or directory, lstat '/private/tmp/ldd-local-o6r1eblg/hook-bytecode-q1yyq8mj/store-codex/generations/9a89dd41f75557e1eb14007dfd168f5fddfba2d69fe5d110903dd65bca9f9edc'
Preserving unverified copy /private/tmp/ldd-local-o6r1eblg/hook-bytecode-q1yyq8mj/codex/skills/explain-interface: ENOENT: no such file or directory, lstat '/private/tmp/ldd-local-o6r1eblg/hook-bytecode-q1yyq8mj/store-codex/generations/9a89dd41f75557e1eb14007dfd168f5fddfba2d69fe5d110903dd65bca9f9edc'
Preserving unverified copy /private/tmp/ldd-local-o6r1eblg/hook-bytecode-q1yyq8mj/codex/skills/expo-animation: ENOENT: no such file or directory, lstat '/private/tmp/ldd-local-o6r1eblg/hook-bytecode-q1yyq8mj/store-codex/generations/9a89dd41f75557e1eb14007dfd168f5fddfba2d69fe5d110903dd65bca9f9edc'
Preserving unverified copy /private/tmp/ldd-local-o6r1eblg/hook-bytecode-q1yyq8mj/codex/skills/expo-design-system: ENOENT: no such file or directory, lstat '/private/tmp/ldd-local-o6r1eblg/hook-bytecode-q1yyq8mj/store-codex/generations/9a89dd41f75557e1eb14007dfd168f5fddfba2d69fe5d110903dd65bca9f9edc'
Preserving unverified copy /private/tmp/ldd-local-o6r1eblg/hook-bytecode-q1yyq8mj/codex/skills/expo-native-ui: ENOENT: no such file or directory, lstat '/private/tmp/ldd-local-o6r1eblg/hook-bytecode-q1yyq8mj/store-codex/generations/9a89dd41f75557e1eb14007dfd168f5fddfba2d69fe5d110903dd65bca9f9edc'
Preserving unverified copy /private/tmp/ldd-local-o6r1eblg/hook-bytecode-q1yyq8mj/codex/skills/expo-router: ENOENT: no such file or directory, lstat '/private/tmp/ldd-local-o6r1eblg/hook-bytecode-q1yyq8mj/store-codex/generations/9a89dd41f75557e1eb14007dfd168f5fddfba2d69fe5d110903dd65bca9f9edc'
Preserving unverified copy /private/tmp/ldd-local-o6r1eblg/hook-bytecode-q1yyq8mj/codex/skills/expo-ui: ENOENT: no such file or directory, lstat '/private/tmp/ldd-local-o6r1eblg/hook-bytecode-q1yyq8mj/store-codex/generations/9a89dd41f75557e1eb14007dfd168f5fddfba2d69fe5d110903dd65bca9f9edc'
Preserving unverified copy /private/tmp/ldd-local-o6r1eblg/hook-bytecode-q1yyq8mj/codex/skills/extend-skill: ENOENT: no such file or directory, lstat '/private/tmp/ldd-local-o6r1eblg/hook-bytecode-q1yyq8mj/store-codex/generations/9a89dd41f75557e1eb14007dfd168f5fddfba2d69fe5d110903dd65bca9f9edc'
Preserving unverified copy /private/tmp/ldd-local-o6r1eblg/hook-bytecode-q1yyq8mj/codex/skills/fabric-integration: ENOENT: no such file or directory, lstat '/private/tmp/ldd-local-o6r1eblg/hook-bytecode-q1yyq8mj/store-codex/generations/9a89dd41f75557e1eb14007dfd168f5fddfba2d69fe5d110903dd65bca9f9edc'
Preserving unverified copy /private/tmp/ldd-local-o6r1eblg/hook-bytecode-q1yyq8mj/codex/skills/feynman-loop: ENOENT: no such file or directory, lstat '/private/tmp/ldd-local-o6r1eblg/hook-bytecode-q1yyq8mj/store-codex/generations/9a89dd41f75557e1eb14007dfd168f5fddfba2d69fe5d110903dd65bca9f9edc'
Preserving unverified copy /private/tmp/ldd-local-o6r1eblg/hook-bytecode-q1yyq8mj/codex/skills/flint-sdk-csharp: ENOENT: no such file or directory, lstat '/private/tmp/ldd-local-o6r1eblg/hook-bytecode-q1yyq8mj/store-codex/generations/9a89dd41f75557e1eb14007dfd168f5fddfba2d69fe5d110903dd65bca9f9edc'
Preserving unverified copy /private/tmp/ldd-local-o6r1eblg/hook-bytecode-q1yyq8mj/codex/skills/flint-sdk-dart: ENOENT: no such file or directory, lstat '/private/tmp/ldd-local-o6r1eblg/hook-bytecode-q1yyq8mj/store-codex/generations/9a89dd41f75557e1eb14007dfd168f5fddfba2d69fe5d110903dd65bca9f9edc'
Preserving unverified copy /private/tmp/ldd-local-o6r1eblg/hook-bytecode-q1yyq8mj/codex/skills/flint-sdk-go: ENOENT: no such file or directory, lstat '/private/tmp/ldd-local-o6r1eblg/hook-bytecode-q1yyq8mj/store-codex/generations/9a89dd41f75557e1eb14007dfd168f5fddfba2d69fe5d110903dd65bca9f9edc'
Preserving unverified copy /private/tmp/ldd-local-o6r1eblg/hook-bytecode-q1yyq8mj/codex/skills/flint-sdk-kotlin: ENOENT: no such file or directory, lstat '/private/tmp/ldd-local-o6r1eblg/hook-bytecode-q1yyq8mj/store-codex/generations/9a89dd41f75557e1eb14007dfd168f5fddfba2d69fe5d110903dd65bca9f9edc'
Preserving unverified copy /private/tmp/ldd-local-o6r1eblg/hook-bytecode-q1yyq8mj/codex/skills/flint-sdk-swift: ENOENT: no such file or directory, lstat '/private/tmp/ldd-local-o6r1eblg/hook-bytecode-q1yyq8mj/store-codex/generations/9a89dd41f75557e1eb14007dfd168f5fddfba2d69fe5d110903dd65bca9f9edc'
Preserving unverified copy /private/tmp/ldd-local-o6r1eblg/hook-bytecode-q1yyq8mj/codex/skills/flint-sdk-ts: ENOENT: no such file or directory, lstat '/private/tmp/ldd-local-o6r1eblg/hook-bytecode-q1yyq8mj/store-codex/generations/9a89dd41f75557e1eb14007dfd168f5fddfba2d69fe5d110903dd65bca9f9edc'
Preserving unverified copy /private/tmp/ldd-local-o6r1eblg/hook-bytecode-q1yyq8mj/codex/skills/flutter-build-responsive-layout: ENOENT: no such file or directory, lstat '/private/tmp/ldd-local-o6r1eblg/hook-bytecode-q1yyq8mj/store-codex/generations/9a89dd41f75557e1eb14007dfd168f5fddfba2d69fe5d110903dd65bca9f9edc'
Preserving unverified copy /private/tmp/ldd-local-o6r1eblg/hook-bytecode-q1yyq8mj/codex/skills/flutter-fix-layout-issues: ENOENT: no such file or directory, lstat '/private/tmp/ldd-local-o6r1eblg/hook-bytecode-q1yyq8mj/store-codex/generations/9a89dd41f75557e1eb14007dfd168f5fddfba2d69fe5d110903dd65bca9f9edc'
Preserving unverified copy /private/tmp/ldd-local-o6r1eblg/hook-bytecode-q1yyq8mj/codex/skills/flutter-rust-ffi: ENOENT: no such file or directory, lstat '/private/tmp/ldd-local-o6r1eblg/hook-bytecode-q1yyq8mj/store-codex/generations/9a89dd41f75557e1eb14007dfd168f5fddfba2d69fe5d110903dd65bca9f9edc'
Preserving unverified copy /private/tmp/ldd-local-o6r1eblg/hook-bytecode-q1yyq8mj/codex/skills/flutter-setup-declarative-routing: ENOENT: no such file or directory, lstat '/private/tmp/ldd-local-o6r1eblg/hook-bytecode-q1yyq8mj/store-codex/generations/9a89dd41f75557e1eb14007dfd168f5fddfba2d69fe5d110903dd65bca9f9edc'
Preserving unverified copy /private/tmp/ldd-local-o6r1eblg/hook-bytecode-q1yyq8mj/codex/skills/flutter-setup-localization: ENOENT: no such file or directory, lstat '/private/tmp/ldd-local-o6r1eblg/hook-bytecode-q1yyq8mj/store-codex/generations/9a89dd41f75557e1eb14007dfd168f5fddfba2d69fe5d110903dd65bca9f9edc'
Preserving unverified copy /private/tmp/ldd-local-o6r1eblg/hook-bytecode-q1yyq8mj/codex/skills/full-output-enforcement: ENOENT: no such file or directory, lstat '/private/tmp/ldd-local-o6r1eblg/hook-bytecode-q1yyq8mj/store-codex/generations/9a89dd41f75557e1eb14007dfd168f5fddfba2d69fe5d110903dd65bca9f9edc'
Preserving unverified copy /private/tmp/ldd-local-o6r1eblg/hook-bytecode-q1yyq8mj/codex/skills/gitops-bootstrap: ENOENT: no such file or directory, lstat '/private/tmp/ldd-local-o6r1eblg/hook-bytecode-q1yyq8mj/store-codex/generations/9a89dd41f75557e1eb14007dfd168f5fddfba2d69fe5d110903dd65bca9f9edc'
Preserving unverified copy /private/tmp/ldd-local-o6r1eblg/hook-bytecode-q1yyq8mj/codex/skills/gitops-transform: ENOENT: no such file or directory, lstat '/private/tmp/ldd-local-o6r1eblg/hook-bytecode-q1yyq8mj/store-codex/generations/9a89dd41f75557e1eb14007dfd168f5fddfba2d69fe5d110903dd65bca9f9edc'
Preserving unverified copy /private/tmp/ldd-local-o6r1eblg/hook-bytecode-q1yyq8mj/codex/skills/go-base-patterns: ENOENT: no such file or directory, lstat '/private/tmp/ldd-local-o6r1eblg/hook-bytecode-q1yyq8mj/store-codex/generations/9a89dd41f75557e1eb14007dfd168f5fddfba2d69fe5d110903dd65bca9f9edc'
Preserving unverified copy /private/tmp/ldd-local-o6r1eblg/hook-bytecode-q1yyq8mj/codex/skills/gpt-taste: ENOENT: no such file or directory, lstat '/private/tmp/ldd-local-o6r1eblg/hook-bytecode-q1yyq8mj/store-codex/generations/9a89dd41f75557e1eb14007dfd168f5fddfba2d69fe5d110903dd65bca9f9edc'
Preserving unverified copy /private/tmp/ldd-local-o6r1eblg/hook-bytecode-q1yyq8mj/codex/skills/high-end-visual-design: ENOENT: no such file or directory, lstat '/private/tmp/ldd-local-o6r1eblg/hook-bytecode-q1yyq8mj/store-codex/generations/9a89dd41f75557e1eb14007dfd168f5fddfba2d69fe5d110903dd65bca9f9edc'
Preserving unverified copy /private/tmp/ldd-local-o6r1eblg/hook-bytecode-q1yyq8mj/codex/skills/htmx-alpine-lit: ENOENT: no such file or directory, lstat '/private/tmp/ldd-local-o6r1eblg/hook-bytecode-q1yyq8mj/store-codex/generations/9a89dd41f75557e1eb14007dfd168f5fddfba2d69fe5d110903dd65bca9f9edc'
Preserving unverified copy /private/tmp/ldd-local-o6r1eblg/hook-bytecode-q1yyq8mj/codex/skills/ideation-mindmap: ENOENT: no such file or directory, lstat '/private/tmp/ldd-local-o6r1eblg/hook-bytecode-q1yyq8mj/store-codex/generations/9a89dd41f75557e1eb14007dfd168f5fddfba2d69fe5d110903dd65bca9f9edc'
Preserving unverified copy /private/tmp/ldd-local-o6r1eblg/hook-bytecode-q1yyq8mj/codex/skills/impeccable: ENOENT: no such file or directory, lstat '/private/tmp/ldd-local-o6r1eblg/hook-bytecode-q1yyq8mj/store-codex/generations/9a89dd41f75557e1eb14007dfd168f5fddfba2d69fe5d110903dd65bca9f9edc'
Preserving unverified copy /private/tmp/ldd-local-o6r1eblg/hook-bytecode-q1yyq8mj/codex/skills/industrial-brutalist-ui: ENOENT: no such file or directory, lstat '/private/tmp/ldd-local-o6r1eblg/hook-bytecode-q1yyq8mj/store-codex/generations/9a89dd41f75557e1eb14007dfd168f5fddfba2d69fe5d110903dd65bca9f9edc'
Preserving unverified copy /private/tmp/ldd-local-o6r1eblg/hook-bytecode-q1yyq8mj/codex/skills/interface-review: ENOENT: no such file or directory, lstat '/private/tmp/ldd-local-o6r1eblg/hook-bytecode-q1yyq8mj/store-codex/generations/9a89dd41f75557e1eb14007dfd168f5fddfba2d69fe5d110903dd65bca9f9edc'
Preserving unverified copy /private/tmp/ldd-local-o6r1eblg/hook-bytecode-q1yyq8mj/codex/skills/iterative-evolver: ENOENT: no such file or directory, lstat '/private/tmp/ldd-local-o6r1eblg/hook-bytecode-q1yyq8mj/store-codex/generations/9a89dd41f75557e1eb14007dfd168f5fddfba2d69fe5d110903dd65bca9f9edc'
Preserving unverified copy /private/tmp/ldd-local-o6r1eblg/hook-bytecode-q1yyq8mj/codex/skills/karpathy-progress-memory: ENOENT: no such file or directory, lstat '/private/tmp/ldd-local-o6r1eblg/hook-bytecode-q1yyq8mj/store-codex/generations/9a89dd41f75557e1eb14007dfd168f5fddfba2d69fe5d110903dd65bca9f9edc'
Preserving unverified copy /private/tmp/ldd-local-o6r1eblg/hook-bytecode-q1yyq8mj/codex/skills/karpathy-tokenizer: ENOENT: no such file or directory, lstat '/private/tmp/ldd-local-o6r1eblg/hook-bytecode-q1yyq8mj/store-codex/generations/9a89dd41f75557e1eb14007dfd168f5fddfba2d69fe5d110903dd65bca9f9edc'
Preserving unverified copy /private/tmp/ldd-local-o6r1eblg/hook-bytecode-q1yyq8mj/codex/skills/kbd-analyze: ENOENT: no such file or directory, lstat '/private/tmp/ldd-local-o6r1eblg/hook-bytecode-q1yyq8mj/store-codex/generations/9a89dd41f75557e1eb14007dfd168f5fddfba2d69fe5d110903dd65bca9f9edc'
Preserving unverified copy /private/tmp/ldd-local-o6r1eblg/hook-bytecode-q1yyq8mj/codex/skills/kbd-apply: ENOENT: no such file or directory, lstat '/private/tmp/ldd-local-o6r1eblg/hook-bytecode-q1yyq8mj/store-codex/generations/9a89dd41f75557e1eb14007dfd168f5fddfba2d69fe5d110903dd65bca9f9edc'
Preserving unverified copy /private/tmp/ldd-local-o6r1eblg/hook-bytecode-q1yyq8mj/codex/skills/kbd-assess: ENOENT: no such file or directory, lstat '/private/tmp/ldd-local-o6r1eblg/hook-bytecode-q1yyq8mj/store-codex/generations/9a89dd41f75557e1eb14007dfd168f5fddfba2d69fe5d110903dd65bca9f9edc'
Preserving unverified copy /private/tmp/ldd-local-o6r1eblg/hook-bytecode-q1yyq8mj/codex/skills/kbd-audit: ENOENT: no such file or directory, lstat '/private/tmp/ldd-local-o6r1eblg/hook-bytecode-q1yyq8mj/store-codex/generations/9a89dd41f75557e1eb14007dfd168f5fddfba2d69fe5d110903dd65bca9f9edc'
Preserving unverified copy /private/tmp/ldd-local-o6r1eblg/hook-bytecode-q1yyq8mj/codex/skills/kbd-bottleneck-detector: ENOENT: no such file or directory, lstat '/private/tmp/ldd-local-o6r1eblg/hook-bytecode-q1yyq8mj/store-codex/generations/9a89dd41f75557e1eb14007dfd168f5fddfba2d69fe5d110903dd65bca9f9edc'
Preserving unverified copy /private/tmp/ldd-local-o6r1eblg/hook-bytecode-q1yyq8mj/codex/skills/kbd-cancel: ENOENT: no such file or directory, lstat '/private/tmp/ldd-local-o6r1eblg/hook-bytecode-q1yyq8mj/store-codex/generations/9a89dd41f75557e1eb14007dfd168f5fddfba2d69fe5d110903dd65bca9f9edc'
Preserving unverified copy /private/tmp/ldd-local-o6r1eblg/hook-bytecode-q1yyq8mj/codex/skills/kbd-child-exit: ENOENT: no such file or directory, lstat '/private/tmp/ldd-local-o6r1eblg/hook-bytecode-q1yyq8mj/store-codex/generations/9a89dd41f75557e1eb14007dfd168f5fddfba2d69fe5d110903dd65bca9f9edc'
Preserving unverified copy /private/tmp/ldd-local-o6r1eblg/hook-bytecode-q1yyq8mj/codex/skills/kbd-doctor: ENOENT: no such file or directory, lstat '/private/tmp/ldd-local-o6r1eblg/hook-bytecode-q1yyq8mj/store-codex/generations/9a89dd41f75557e1eb14007dfd168f5fddfba2d69fe5d110903dd65bca9f9edc'
Preserving unverified copy /private/tmp/ldd-local-o6r1eblg/hook-bytecode-q1yyq8mj/codex/skills/kbd-evolve: ENOENT: no such file or directory, lstat '/private/tmp/ldd-local-o6r1eblg/hook-bytecode-q1yyq8mj/store-codex/generations/9a89dd41f75557e1eb14007dfd168f5fddfba2d69fe5d110903dd65bca9f9edc'
Preserving unverified copy /private/tmp/ldd-local-o6r1eblg/hook-bytecode-q1yyq8mj/codex/skills/kbd-execute: ENOENT: no such file or directory, lstat '/private/tmp/ldd-local-o6r1eblg/hook-bytecode-q1yyq8mj/store-codex/generations/9a89dd41f75557e1eb14007dfd168f5fddfba2d69fe5d110903dd65bca9f9edc'
Preserving unverified copy /private/tmp/ldd-local-o6r1eblg/hook-bytecode-q1yyq8mj/codex/skills/kbd-goal: ENOENT: no such file or directory, lstat '/private/tmp/ldd-local-o6r1eblg/hook-bytecode-q1yyq8mj/store-codex/generations/9a89dd41f75557e1eb14007dfd168f5fddfba2d69fe5d110903dd65bca9f9edc'
Preserving unverified copy /private/tmp/ldd-local-o6r1eblg/hook-bytecode-q1yyq8mj/codex/skills/kbd-goal-check: ENOENT: no such file or directory, lstat '/private/tmp/ldd-local-o6r1eblg/hook-bytecode-q1yyq8mj/store-codex/generations/9a89dd41f75557e1eb14007dfd168f5fddfba2d69fe5d110903dd65bca9f9edc'
Preserving unverified copy /private/tmp/ldd-local-o6r1eblg/hook-bytecode-q1yyq8mj/codex/skills/kbd-init: ENOENT: no such file or directory, lstat '/private/tmp/ldd-local-o6r1eblg/hook-bytecode-q1yyq8mj/store-codex/generations/9a89dd41f75557e1eb14007dfd168f5fddfba2d69fe5d110903dd65bca9f9edc'
Preserving unverified copy /private/tmp/ldd-local-o6r1eblg/hook-bytecode-q1yyq8mj/codex/skills/kbd-inject-agent-rules: ENOENT: no such file or directory, lstat '/private/tmp/ldd-local-o6r1eblg/hook-bytecode-q1yyq8mj/store-codex/generations/9a89dd41f75557e1eb14007dfd168f5fddfba2d69fe5d110903dd65bca9f9edc'
Preserving unverified copy /private/tmp/ldd-local-o6r1eblg/hook-bytecode-q1yyq8mj/codex/skills/kbd-loop: ENOENT: no such file or directory, lstat '/private/tmp/ldd-local-o6r1eblg/hook-bytecode-q1yyq8mj/store-codex/generations/9a89dd41f75557e1eb14007dfd168f5fddfba2d69fe5d110903dd65bca9f9edc'
Preserving unverified copy /private/tmp/ldd-local-o6r1eblg/hook-bytecode-q1yyq8mj/codex/skills/kbd-memory-recall: ENOENT: no such file or directory, lstat '/private/tmp/ldd-local-o6r1eblg/hook-bytecode-q1yyq8mj/store-codex/generations/9a89dd41f75557e1eb14007dfd168f5fddfba2d69fe5d110903dd65bca9f9edc'
Preserving unverified copy /private/tmp/ldd-local-o6r1eblg/hook-bytecode-q1yyq8mj/codex/skills/kbd-new-child: ENOENT: no such file or directory, lstat '/private/tmp/ldd-local-o6r1eblg/hook-bytecode-q1yyq8mj/store-codex/generations/9a89dd41f75557e1eb14007dfd168f5fddfba2d69fe5d110903dd65bca9f9edc'
Preserving unverified copy /private/tmp/ldd-local-o6r1eblg/hook-bytecode-q1yyq8mj/codex/skills/kbd-new-phase: ENOENT: no such file or directory, lstat '/private/tmp/ldd-local-o6r1eblg/hook-bytecode-q1yyq8mj/store-codex/generations/9a89dd41f75557e1eb14007dfd168f5fddfba2d69fe5d110903dd65bca9f9edc'
Preserving unverified copy /private/tmp/ldd-local-o6r1eblg/hook-bytecode-q1yyq8mj/codex/skills/kbd-next-child: ENOENT: no such file or directory, lstat '/private/tmp/ldd-local-o6r1eblg/hook-bytecode-q1yyq8mj/store-codex/generations/9a89dd41f75557e1eb14007dfd168f5fddfba2d69fe5d110903dd65bca9f9edc'
Preserving unverified copy /private/tmp/ldd-local-o6r1eblg/hook-bytecode-q1yyq8mj/codex/skills/kbd-next-phase: ENOENT: no such file or directory, lstat '/private/tmp/ldd-local-o6r1eblg/hook-bytecode-q1yyq8mj/store-codex/generations/9a89dd41f75557e1eb14007dfd168f5fddfba2d69fe5d110903dd65bca9f9edc'
Preserving unverified copy /private/tmp/ldd-local-o6r1eblg/hook-bytecode-q1yyq8mj/codex/skills/kbd-pause: ENOENT: no such file or directory, lstat '/private/tmp/ldd-local-o6r1eblg/hook-bytecode-q1yyq8mj/store-codex/generations/9a89dd41f75557e1eb14007dfd168f5fddfba2d69fe5d110903dd65bca9f9edc'
Preserving unverified copy /private/tmp/ldd-local-o6r1eblg/hook-bytecode-q1yyq8mj/codex/skills/kbd-plan: ENOENT: no such file or directory, lstat '/private/tmp/ldd-local-o6r1eblg/hook-bytecode-q1yyq8mj/store-codex/generations/9a89dd41f75557e1eb14007dfd168f5fddfba2d69fe5d110903dd65bca9f9edc'
Preserving unverified copy /private/tmp/ldd-local-o6r1eblg/hook-bytecode-q1yyq8mj/codex/skills/kbd-process-orchestrator: ENOENT: no such file or directory, lstat '/private/tmp/ldd-local-o6r1eblg/hook-bytecode-q1yyq8mj/store-codex/generations/9a89dd41f75557e1eb14007dfd168f5fddfba2d69fe5d110903dd65bca9f9edc'
Preserving unverified copy /private/tmp/ldd-local-o6r1eblg/hook-bytecode-q1yyq8mj/codex/skills/kbd-reflect: ENOENT: no such file or directory, lstat '/private/tmp/ldd-local-o6r1eblg/hook-bytecode-q1yyq8mj/store-codex/generations/9a89dd41f75557e1eb14007dfd168f5fddfba2d69fe5d110903dd65bca9f9edc'
Preserving unverified copy /private/tmp/ldd-local-o6r1eblg/hook-bytecode-q1yyq8mj/codex/skills/kbd-resume: ENOENT: no such file or directory, lstat '/private/tmp/ldd-local-o6r1eblg/hook-bytecode-q1yyq8mj/store-codex/generations/9a89dd41f75557e1eb14007dfd168f5fddfba2d69fe5d110903dd65bca9f9edc'
Preserving unverified copy /private/tmp/ldd-local-o6r1eblg/hook-bytecode-q1yyq8mj/codex/skills/kbd-spec: ENOENT: no such file or directory, lstat '/private/tmp/ldd-local-o6r1eblg/hook-bytecode-q1yyq8mj/store-codex/generations/9a89dd41f75557e1eb14007dfd168f5fddfba2d69fe5d110903dd65bca9f9edc'
Preserving unverified copy /private/tmp/ldd-local-o6r1eblg/hook-bytecode-q1yyq8mj/codex/skills/kbd-status: ENOENT: no such file or directory, lstat '/private/tmp/ldd-local-o6r1eblg/hook-bytecode-q1yyq8mj/store-codex/generations/9a89dd41f75557e1eb14007dfd168f5fddfba2d69fe5d110903dd65bca9f9edc'
Preserving unverified copy /private/tmp/ldd-local-o6r1eblg/hook-bytecode-q1yyq8mj/codex/skills/kreuzberg: ENOENT: no such file or directory, lstat '/private/tmp/ldd-local-o6r1eblg/hook-bytecode-q1yyq8mj/store-codex/generations/9a89dd41f75557e1eb14007dfd168f5fddfba2d69fe5d110903dd65bca9f9edc'
Preserving unverified copy /private/tmp/ldd-local-o6r1eblg/hook-bytecode-q1yyq8mj/codex/skills/kustomize-overlay: ENOENT: no such file or directory, lstat '/private/tmp/ldd-local-o6r1eblg/hook-bytecode-q1yyq8mj/store-codex/generations/9a89dd41f75557e1eb14007dfd168f5fddfba2d69fe5d110903dd65bca9f9edc'
Preserving unverified copy /private/tmp/ldd-local-o6r1eblg/hook-bytecode-q1yyq8mj/codex/skills/learn-about-system: ENOENT: no such file or directory, lstat '/private/tmp/ldd-local-o6r1eblg/hook-bytecode-q1yyq8mj/store-codex/generations/9a89dd41f75557e1eb14007dfd168f5fddfba2d69fe5d110903dd65bca9f9edc'
Preserving unverified copy /private/tmp/ldd-local-o6r1eblg/hook-bytecode-q1yyq8mj/codex/skills/learn-certify: ENOENT: no such file or directory, lstat '/private/tmp/ldd-local-o6r1eblg/hook-bytecode-q1yyq8mj/store-codex/generations/9a89dd41f75557e1eb14007dfd168f5fddfba2d69fe5d110903dd65bca9f9edc'
Preserving unverified copy /private/tmp/ldd-local-o6r1eblg/hook-bytecode-q1yyq8mj/codex/skills/learn-goal: ENOENT: no such file or directory, lstat '/private/tmp/ldd-local-o6r1eblg/hook-bytecode-q1yyq8mj/store-codex/generations/9a89dd41f75557e1eb14007dfd168f5fddfba2d69fe5d110903dd65bca9f9edc'
Preserving unverified copy /private/tmp/ldd-local-o6r1eblg/hook-bytecode-q1yyq8mj/codex/skills/learn-grade: ENOENT: no such file or directory, lstat '/private/tmp/ldd-local-o6r1eblg/hook-bytecode-q1yyq8mj/store-codex/generations/9a89dd41f75557e1eb14007dfd168f5fddfba2d69fe5d110903dd65bca9f9edc'
Preserving unverified copy /private/tmp/ldd-local-o6r1eblg/hook-bytecode-q1yyq8mj/codex/skills/learn-harness: ENOENT: no such file or directory, lstat '/private/tmp/ldd-local-o6r1eblg/hook-bytecode-q1yyq8mj/store-codex/generations/9a89dd41f75557e1eb14007dfd168f5fddfba2d69fe5d110903dd65bca9f9edc'
Preserving unverified copy /private/tmp/ldd-local-o6r1eblg/hook-bytecode-q1yyq8mj/codex/skills/learn-kb: ENOENT: no such file or directory, lstat '/private/tmp/ldd-local-o6r1eblg/hook-bytecode-q1yyq8mj/store-codex/generations/9a89dd41f75557e1eb14007dfd168f5fddfba2d69fe5d110903dd65bca9f9edc'
Preserving unverified copy /private/tmp/ldd-local-o6r1eblg/hook-bytecode-q1yyq8mj/codex/skills/learn-plan: ENOENT: no such file or directory, lstat '/private/tmp/ldd-local-o6r1eblg/hook-bytecode-q1yyq8mj/store-codex/generations/9a89dd41f75557e1eb14007dfd168f5fddfba2d69fe5d110903dd65bca9f9edc'
Preserving unverified copy /private/tmp/ldd-local-o6r1eblg/hook-bytecode-q1yyq8mj/codex/skills/learn-practice: ENOENT: no such file or directory, lstat '/private/tmp/ldd-local-o6r1eblg/hook-bytecode-q1yyq8mj/store-codex/generations/9a89dd41f75557e1eb14007dfd168f5fddfba2d69fe5d110903dd65bca9f9edc'
Preserving unverified copy /private/tmp/ldd-local-o6r1eblg/hook-bytecode-q1yyq8mj/codex/skills/learn-retain: ENOENT: no such file or directory, lstat '/private/tmp/ldd-local-o6r1eblg/hook-bytecode-q1yyq8mj/store-codex/generations/9a89dd41f75557e1eb14007dfd168f5fddfba2d69fe5d110903dd65bca9f9edc'
Preserving unverified copy /private/tmp/ldd-local-o6r1eblg/hook-bytecode-q1yyq8mj/codex/skills/learn-survey: ENOENT: no such file or directory, lstat '/private/tmp/ldd-local-o6r1eblg/hook-bytecode-q1yyq8mj/store-codex/generations/9a89dd41f75557e1eb14007dfd168f5fddfba2d69fe5d110903dd65bca9f9edc'
Preserving unverified copy /private/tmp/ldd-local-o6r1eblg/hook-bytecode-q1yyq8mj/codex/skills/librefang-wasm-skill: ENOENT: no such file or directory, lstat '/private/tmp/ldd-local-o6r1eblg/hook-bytecode-q1yyq8mj/store-codex/generations/9a89dd41f75557e1eb14007dfd168f5fddfba2d69fe5d110903dd65bca9f9edc'
Preserving unverified copy /private/tmp/ldd-local-o6r1eblg/hook-bytecode-q1yyq8mj/codex/skills/liter-llm-bridge: ENOENT: no such file or directory, lstat '/private/tmp/ldd-local-o6r1eblg/hook-bytecode-q1yyq8mj/store-codex/generations/9a89dd41f75557e1eb14007dfd168f5fddfba2d69fe5d110903dd65bca9f9edc'
Preserving unverified copy /private/tmp/ldd-local-o6r1eblg/hook-bytecode-q1yyq8mj/codex/skills/llm-wiki: ENOENT: no such file or directory, lstat '/private/tmp/ldd-local-o6r1eblg/hook-bytecode-q1yyq8mj/store-codex/generations/9a89dd41f75557e1eb14007dfd168f5fddfba2d69fe5d110903dd65bca9f9edc'
Preserving unverified copy /private/tmp/ldd-local-o6r1eblg/hook-bytecode-q1yyq8mj/codex/skills/mcp-server: ENOENT: no such file or directory, lstat '/private/tmp/ldd-local-o6r1eblg/hook-bytecode-q1yyq8mj/store-codex/generations/9a89dd41f75557e1eb14007dfd168f5fddfba2d69fe5d110903dd65bca9f9edc'
Preserving unverified copy /private/tmp/ldd-local-o6r1eblg/hook-bytecode-q1yyq8mj/codex/skills/minimalist-ui: ENOENT: no such file or directory, lstat '/private/tmp/ldd-local-o6r1eblg/hook-bytecode-q1yyq8mj/store-codex/generations/9a89dd41f75557e1eb14007dfd168f5fddfba2d69fe5d110903dd65bca9f9edc'
Preserving unverified copy /private/tmp/ldd-local-o6r1eblg/hook-bytecode-q1yyq8mj/codex/skills/native-agent: ENOENT: no such file or directory, lstat '/private/tmp/ldd-local-o6r1eblg/hook-bytecode-q1yyq8mj/store-codex/generations/9a89dd41f75557e1eb14007dfd168f5fddfba2d69fe5d110903dd65bca9f9edc'
Preserving unverified copy /private/tmp/ldd-local-o6r1eblg/hook-bytecode-q1yyq8mj/codex/skills/performance: ENOENT: no such file or directory, lstat '/private/tmp/ldd-local-o6r1eblg/hook-bytecode-q1yyq8mj/store-codex/generations/9a89dd41f75557e1eb14007dfd168f5fddfba2d69fe5d110903dd65bca9f9edc'
Preserving unverified copy /private/tmp/ldd-local-o6r1eblg/hook-bytecode-q1yyq8mj/codex/skills/pmpo-elicit: ENOENT: no such file or directory, lstat '/private/tmp/ldd-local-o6r1eblg/hook-bytecode-q1yyq8mj/store-codex/generations/9a89dd41f75557e1eb14007dfd168f5fddfba2d69fe5d110903dd65bca9f9edc'
Preserving unverified copy /private/tmp/ldd-local-o6r1eblg/hook-bytecode-q1yyq8mj/codex/skills/pmpo-evolver: ENOENT: no such file or directory, lstat '/private/tmp/ldd-local-o6r1eblg/hook-bytecode-q1yyq8mj/store-codex/generations/9a89dd41f75557e1eb14007dfd168f5fddfba2d69fe5d110903dd65bca9f9edc'
Preserving unverified copy /private/tmp/ldd-local-o6r1eblg/hook-bytecode-q1yyq8mj/codex/skills/pmpo-outer-loop: ENOENT: no such file or directory, lstat '/private/tmp/ldd-local-o6r1eblg/hook-bytecode-q1yyq8mj/store-codex/generations/9a89dd41f75557e1eb14007dfd168f5fddfba2d69fe5d110903dd65bca9f9edc'
Preserving unverified copy /private/tmp/ldd-local-o6r1eblg/hook-bytecode-q1yyq8mj/codex/skills/pmpo-skill-creator: ENOENT: no such file or directory, lstat '/private/tmp/ldd-local-o6r1eblg/hook-bytecode-q1yyq8mj/store-codex/generations/9a89dd41f75557e1eb14007dfd168f5fddfba2d69fe5d110903dd65bca9f9edc'
Preserving unverified copy /private/tmp/ldd-local-o6r1eblg/hook-bytecode-q1yyq8mj/codex/skills/prometheus-context-bootstrap: ENOENT: no such file or directory, lstat '/private/tmp/ldd-local-o6r1eblg/hook-bytecode-q1yyq8mj/store-codex/generations/9a89dd41f75557e1eb14007dfd168f5fddfba2d69fe5d110903dd65bca9f9edc'
Preserving unverified copy /private/tmp/ldd-local-o6r1eblg/hook-bytecode-q1yyq8mj/codex/skills/prometheus-entity-skills: ENOENT: no such file or directory, lstat '/private/tmp/ldd-local-o6r1eblg/hook-bytecode-q1yyq8mj/store-codex/generations/9a89dd41f75557e1eb14007dfd168f5fddfba2d69fe5d110903dd65bca9f9edc'
Preserving unverified copy /private/tmp/ldd-local-o6r1eblg/hook-bytecode-q1yyq8mj/codex/skills/prometheus-impeccable-core: ENOENT: no such file or directory, lstat '/private/tmp/ldd-local-o6r1eblg/hook-bytecode-q1yyq8mj/store-codex/generations/9a89dd41f75557e1eb14007dfd168f5fddfba2d69fe5d110903dd65bca9f9edc'
Preserving unverified copy /private/tmp/ldd-local-o6r1eblg/hook-bytecode-q1yyq8mj/codex/skills/prometheus-rust-auditor: ENOENT: no such file or directory, lstat '/private/tmp/ldd-local-o6r1eblg/hook-bytecode-q1yyq8mj/store-codex/generations/9a89dd41f75557e1eb14007dfd168f5fddfba2d69fe5d110903dd65bca9f9edc'
Preserving unverified copy /private/tmp/ldd-local-o6r1eblg/hook-bytecode-q1yyq8mj/codex/skills/prometheus-rust-workspace: ENOENT: no such file or directory, lstat '/private/tmp/ldd-local-o6r1eblg/hook-bytecode-q1yyq8mj/store-codex/generations/9a89dd41f75557e1eb14007dfd168f5fddfba2d69fe5d110903dd65bca9f9edc'
Preserving unverified copy /private/tmp/ldd-local-o6r1eblg/hook-bytecode-q1yyq8mj/codex/skills/prometheus-ui-review: ENOENT: no such file or directory, lstat '/private/tmp/ldd-local-o6r1eblg/hook-bytecode-q1yyq8mj/store-codex/generations/9a89dd41f75557e1eb14007dfd168f5fddfba2d69fe5d110903dd65bca9f9edc'
Preserving unverified copy /private/tmp/ldd-local-o6r1eblg/hook-bytecode-q1yyq8mj/codex/skills/prometheus-ui-ux: ENOENT: no such file or directory, lstat '/private/tmp/ldd-local-o6r1eblg/hook-bytecode-q1yyq8mj/store-codex/generations/9a89dd41f75557e1eb14007dfd168f5fddfba2d69fe5d110903dd65bca9f9edc'
Preserving unverified copy /private/tmp/ldd-local-o6r1eblg/hook-bytecode-q1yyq8mj/codex/skills/pyo3-bridge: ENOENT: no such file or directory, lstat '/private/tmp/ldd-local-o6r1eblg/hook-bytecode-q1yyq8mj/store-codex/generations/9a89dd41f75557e1eb14007dfd168f5fddfba2d69fe5d110903dd65bca9f9edc'
Preserving unverified copy /private/tmp/ldd-local-o6r1eblg/hook-bytecode-q1yyq8mj/codex/skills/react-vite-stack: ENOENT: no such file or directory, lstat '/private/tmp/ldd-local-o6r1eblg/hook-bytecode-q1yyq8mj/store-codex/generations/9a89dd41f75557e1eb14007dfd168f5fddfba2d69fe5d110903dd65bca9f9edc'
Preserving unverified copy /private/tmp/ldd-local-o6r1eblg/hook-bytecode-q1yyq8mj/codex/skills/rebrand-artifact: ENOENT: no such file or directory, lstat '/private/tmp/ldd-local-o6r1eblg/hook-bytecode-q1yyq8mj/store-codex/generations/9a89dd41f75557e1eb14007dfd168f5fddfba2d69fe5d110903dd65bca9f9edc'
Preserving unverified copy /private/tmp/ldd-local-o6r1eblg/hook-bytecode-q1yyq8mj/codex/skills/redesign-existing-projects: ENOENT: no such file or directory, lstat '/private/tmp/ldd-local-o6r1eblg/hook-bytecode-q1yyq8mj/store-codex/generations/9a89dd41f75557e1eb14007dfd168f5fddfba2d69fe5d110903dd65bca9f9edc'
Preserving unverified copy /private/tmp/ldd-local-o6r1eblg/hook-bytecode-q1yyq8mj/codex/skills/refine-a2ui: ENOENT: no such file or directory, lstat '/private/tmp/ldd-local-o6r1eblg/hook-bytecode-q1yyq8mj/store-codex/generations/9a89dd41f75557e1eb14007dfd168f5fddfba2d69fe5d110903dd65bca9f9edc'
Preserving unverified copy /private/tmp/ldd-local-o6r1eblg/hook-bytecode-q1yyq8mj/codex/skills/refine-content: ENOENT: no such file or directory, lstat '/private/tmp/ldd-local-o6r1eblg/hook-bytecode-q1yyq8mj/store-codex/generations/9a89dd41f75557e1eb14007dfd168f5fddfba2d69fe5d110903dd65bca9f9edc'
Preserving unverified copy /private/tmp/ldd-local-o6r1eblg/hook-bytecode-q1yyq8mj/codex/skills/refine-image: ENOENT: no such file or directory, lstat '/private/tmp/ldd-local-o6r1eblg/hook-bytecode-q1yyq8mj/store-codex/generations/9a89dd41f75557e1eb14007dfd168f5fddfba2d69fe5d110903dd65bca9f9edc'
Preserving unverified copy /private/tmp/ldd-local-o6r1eblg/hook-bytecode-q1yyq8mj/codex/skills/refine-logo: ENOENT: no such file or directory, lstat '/private/tmp/ldd-local-o6r1eblg/hook-bytecode-q1yyq8mj/store-codex/generations/9a89dd41f75557e1eb14007dfd168f5fddfba2d69fe5d110903dd65bca9f9edc'
Preserving unverified copy /private/tmp/ldd-local-o6r1eblg/hook-bytecode-q1yyq8mj/codex/skills/refine-mcp-ui: ENOENT: no such file or directory, lstat '/private/tmp/ldd-local-o6r1eblg/hook-bytecode-q1yyq8mj/store-codex/generations/9a89dd41f75557e1eb14007dfd168f5fddfba2d69fe5d110903dd65bca9f9edc'
Preserving unverified copy /private/tmp/ldd-local-o6r1eblg/hook-bytecode-q1yyq8mj/codex/skills/refine-moodboard: ENOENT: no such file or directory, lstat '/private/tmp/ldd-local-o6r1eblg/hook-bytecode-q1yyq8mj/store-codex/generations/9a89dd41f75557e1eb14007dfd168f5fddfba2d69fe5d110903dd65bca9f9edc'
Preserving unverified copy /private/tmp/ldd-local-o6r1eblg/hook-bytecode-q1yyq8mj/codex/skills/refine-status: ENOENT: no such file or directory, lstat '/private/tmp/ldd-local-o6r1eblg/hook-bytecode-q1yyq8mj/store-codex/generations/9a89dd41f75557e1eb14007dfd168f5fddfba2d69fe5d110903dd65bca9f9edc'
Preserving unverified copy /private/tmp/ldd-local-o6r1eblg/hook-bytecode-q1yyq8mj/codex/skills/refine-ui: ENOENT: no such file or directory, lstat '/private/tmp/ldd-local-o6r1eblg/hook-bytecode-q1yyq8mj/store-codex/generations/9a89dd41f75557e1eb14007dfd168f5fddfba2d69fe5d110903dd65bca9f9edc'
Preserving unverified copy /private/tmp/ldd-local-o6r1eblg/hook-bytecode-q1yyq8mj/codex/skills/refine-validate: ENOENT: no such file or directory, lstat '/private/tmp/ldd-local-o6r1eblg/hook-bytecode-q1yyq8mj/store-codex/generations/9a89dd41f75557e1eb14007dfd168f5fddfba2d69fe5d110903dd65bca9f9edc'
Preserving unverified copy /private/tmp/ldd-local-o6r1eblg/hook-bytecode-q1yyq8mj/codex/skills/rust-async-patterns: ENOENT: no such file or directory, lstat '/private/tmp/ldd-local-o6r1eblg/hook-bytecode-q1yyq8mj/store-codex/generations/9a89dd41f75557e1eb14007dfd168f5fddfba2d69fe5d110903dd65bca9f9edc'
Preserving unverified copy /private/tmp/ldd-local-o6r1eblg/hook-bytecode-q1yyq8mj/codex/skills/rust-best-practices: ENOENT: no such file or directory, lstat '/private/tmp/ldd-local-o6r1eblg/hook-bytecode-q1yyq8mj/store-codex/generations/9a89dd41f75557e1eb14007dfd168f5fddfba2d69fe5d110903dd65bca9f9edc'
Preserving unverified copy /private/tmp/ldd-local-o6r1eblg/hook-bytecode-q1yyq8mj/codex/skills/rust-mcp-server-generator: ENOENT: no such file or directory, lstat '/private/tmp/ldd-local-o6r1eblg/hook-bytecode-q1yyq8mj/store-codex/generations/9a89dd41f75557e1eb14007dfd168f5fddfba2d69fe5d110903dd65bca9f9edc'
Preserving unverified copy /private/tmp/ldd-local-o6r1eblg/hook-bytecode-q1yyq8mj/codex/skills/scaffold-flutter-a2ui: ENOENT: no such file or directory, lstat '/private/tmp/ldd-local-o6r1eblg/hook-bytecode-q1yyq8mj/store-codex/generations/9a89dd41f75557e1eb14007dfd168f5fddfba2d69fe5d110903dd65bca9f9edc'
Preserving unverified copy /private/tmp/ldd-local-o6r1eblg/hook-bytecode-q1yyq8mj/codex/skills/scaffold-react-vite: ENOENT: no such file or directory, lstat '/private/tmp/ldd-local-o6r1eblg/hook-bytecode-q1yyq8mj/store-codex/generations/9a89dd41f75557e1eb14007dfd168f5fddfba2d69fe5d110903dd65bca9f9edc'
Preserving unverified copy /private/tmp/ldd-local-o6r1eblg/hook-bytecode-q1yyq8mj/codex/skills/scaffold-react-vite-a2ui: ENOENT: no such file or directory, lstat '/private/tmp/ldd-local-o6r1eblg/hook-bytecode-q1yyq8mj/store-codex/generations/9a89dd41f75557e1eb14007dfd168f5fddfba2d69fe5d110903dd65bca9f9edc'
Preserving unverified copy /private/tmp/ldd-local-o6r1eblg/hook-bytecode-q1yyq8mj/codex/skills/scaffold-react-vite-agui: ENOENT: no such file or directory, lstat '/private/tmp/ldd-local-o6r1eblg/hook-bytecode-q1yyq8mj/store-codex/generations/9a89dd41f75557e1eb14007dfd168f5fddfba2d69fe5d110903dd65bca9f9edc'
Preserving unverified copy /private/tmp/ldd-local-o6r1eblg/hook-bytecode-q1yyq8mj/codex/skills/scaffold-react-vite-tauri: ENOENT: no such file or directory, lstat '/private/tmp/ldd-local-o6r1eblg/hook-bytecode-q1yyq8mj/store-codex/generations/9a89dd41f75557e1eb14007dfd168f5fddfba2d69fe5d110903dd65bca9f9edc'
Preserving unverified copy /private/tmp/ldd-local-o6r1eblg/hook-bytecode-q1yyq8mj/codex/skills/stage-01-planner: ENOENT: no such file or directory, lstat '/private/tmp/ldd-local-o6r1eblg/hook-bytecode-q1yyq8mj/store-codex/generations/9a89dd41f75557e1eb14007dfd168f5fddfba2d69fe5d110903dd65bca9f9edc'
Preserving unverified copy /private/tmp/ldd-local-o6r1eblg/hook-bytecode-q1yyq8mj/codex/skills/stage-02-search: ENOENT: no such file or directory, lstat '/private/tmp/ldd-local-o6r1eblg/hook-bytecode-q1yyq8mj/store-codex/generations/9a89dd41f75557e1eb14007dfd168f5fddfba2d69fe5d110903dd65bca9f9edc'
Preserving unverified copy /private/tmp/ldd-local-o6r1eblg/hook-bytecode-q1yyq8mj/codex/skills/stage-03-retrieve: ENOENT: no such file or directory, lstat '/private/tmp/ldd-local-o6r1eblg/hook-bytecode-q1yyq8mj/store-codex/generations/9a89dd41f75557e1eb14007dfd168f5fddfba2d69fe5d110903dd65bca9f9edc'
Preserving unverified copy /private/tmp/ldd-local-o6r1eblg/hook-bytecode-q1yyq8mj/codex/skills/stage-04-collect: ENOENT: no such file or directory, lstat '/private/tmp/ldd-local-o6r1eblg/hook-bytecode-q1yyq8mj/store-codex/generations/9a89dd41f75557e1eb14007dfd168f5fddfba2d69fe5d110903dd65bca9f9edc'
Preserving unverified copy /private/tmp/ldd-local-o6r1eblg/hook-bytecode-q1yyq8mj/codex/skills/stage-05-verify: ENOENT: no such file or directory, lstat '/private/tmp/ldd-local-o6r1eblg/hook-bytecode-q1yyq8mj/store-codex/generations/9a89dd41f75557e1eb14007dfd168f5fddfba2d69fe5d110903dd65bca9f9edc'
Preserving unverified copy /private/tmp/ldd-local-o6r1eblg/hook-bytecode-q1yyq8mj/codex/skills/stage-06-resolve: ENOENT: no such file or directory, lstat '/private/tmp/ldd-local-o6r1eblg/hook-bytecode-q1yyq8mj/store-codex/generations/9a89dd41f75557e1eb14007dfd168f5fddfba2d69fe5d110903dd65bca9f9edc'
Preserving unverified copy /private/tmp/ldd-local-o6r1eblg/hook-bytecode-q1yyq8mj/codex/skills/stage-07-graph: ENOENT: no such file or directory, lstat '/private/tmp/ldd-local-o6r1eblg/hook-bytecode-q1yyq8mj/store-codex/generations/9a89dd41f75557e1eb14007dfd168f5fddfba2d69fe5d110903dd65bca9f9edc'
Preserving unverified copy /private/tmp/ldd-local-o6r1eblg/hook-bytecode-q1yyq8mj/codex/skills/stage-08-cite: ENOENT: no such file or directory, lstat '/private/tmp/ldd-local-o6r1eblg/hook-bytecode-q1yyq8mj/store-codex/generations/9a89dd41f75557e1eb14007dfd168f5fddfba2d69fe5d110903dd65bca9f9edc'
Preserving unverified copy /private/tmp/ldd-local-o6r1eblg/hook-bytecode-q1yyq8mj/codex/skills/stage-09-report: ENOENT: no such file or directory, lstat '/private/tmp/ldd-local-o6r1eblg/hook-bytecode-q1yyq8mj/store-codex/generations/9a89dd41f75557e1eb14007dfd168f5fddfba2d69fe5d110903dd65bca9f9edc'
Preserving unverified copy /private/tmp/ldd-local-o6r1eblg/hook-bytecode-q1yyq8mj/codex/skills/stage-10-export: ENOENT: no such file or directory, lstat '/private/tmp/ldd-local-o6r1eblg/hook-bytecode-q1yyq8mj/store-codex/generations/9a89dd41f75557e1eb14007dfd168f5fddfba2d69fe5d110903dd65bca9f9edc'
Preserving unverified copy /private/tmp/ldd-local-o6r1eblg/hook-bytecode-q1yyq8mj/codex/skills/start-business-build: ENOENT: no such file or directory, lstat '/private/tmp/ldd-local-o6r1eblg/hook-bytecode-q1yyq8mj/store-codex/generations/9a89dd41f75557e1eb14007dfd168f5fddfba2d69fe5d110903dd65bca9f9edc'
Preserving unverified copy /private/tmp/ldd-local-o6r1eblg/hook-bytecode-q1yyq8mj/codex/skills/stitch-design-taste: ENOENT: no such file or directory, lstat '/private/tmp/ldd-local-o6r1eblg/hook-bytecode-q1yyq8mj/store-codex/generations/9a89dd41f75557e1eb14007dfd168f5fddfba2d69fe5d110903dd65bca9f9edc'
Preserving unverified copy /private/tmp/ldd-local-o6r1eblg/hook-bytecode-q1yyq8mj/codex/skills/swiftui-pro: ENOENT: no such file or directory, lstat '/private/tmp/ldd-local-o6r1eblg/hook-bytecode-q1yyq8mj/store-codex/generations/9a89dd41f75557e1eb14007dfd168f5fddfba2d69fe5d110903dd65bca9f9edc'
Preserving unverified copy /private/tmp/ldd-local-o6r1eblg/hook-bytecode-q1yyq8mj/codex/skills/sycophancy-correction: ENOENT: no such file or directory, lstat '/private/tmp/ldd-local-o6r1eblg/hook-bytecode-q1yyq8mj/store-codex/generations/9a89dd41f75557e1eb14007dfd168f5fddfba2d69fe5d110903dd65bca9f9edc'
Preserving unverified copy /private/tmp/ldd-local-o6r1eblg/hook-bytecode-q1yyq8mj/codex/skills/tauri-react-vite: ENOENT: no such file or directory, lstat '/private/tmp/ldd-local-o6r1eblg/hook-bytecode-q1yyq8mj/store-codex/generations/9a89dd41f75557e1eb14007dfd168f5fddfba2d69fe5d110903dd65bca9f9edc'
Preserving unverified copy /private/tmp/ldd-local-o6r1eblg/hook-bytecode-q1yyq8mj/codex/skills/typescript-base-patterns: ENOENT: no such file or directory, lstat '/private/tmp/ldd-local-o6r1eblg/hook-bytecode-q1yyq8mj/store-codex/generations/9a89dd41f75557e1eb14007dfd168f5fddfba2d69fe5d110903dd65bca9f9edc'
Preserving unverified copy /private/tmp/ldd-local-o6r1eblg/hook-bytecode-q1yyq8mj/codex/skills/ui-surface: ENOENT: no such file or directory, lstat '/private/tmp/ldd-local-o6r1eblg/hook-bytecode-q1yyq8mj/store-codex/generations/9a89dd41f75557e1eb14007dfd168f5fddfba2d69fe5d110903dd65bca9f9edc'
Preserving unverified copy /private/tmp/ldd-local-o6r1eblg/hook-bytecode-q1yyq8mj/codex/skills/ui-ux-pro-max: ENOENT: no such file or directory, lstat '/private/tmp/ldd-local-o6r1eblg/hook-bytecode-q1yyq8mj/store-codex/generations/9a89dd41f75557e1eb14007dfd168f5fddfba2d69fe5d110903dd65bca9f9edc'
Preserving unverified copy /private/tmp/ldd-local-o6r1eblg/hook-bytecode-q1yyq8mj/codex/skills/upload-to-bossfang: ENOENT: no such file or directory, lstat '/private/tmp/ldd-local-o6r1eblg/hook-bytecode-q1yyq8mj/store-codex/generations/9a89dd41f75557e1eb14007dfd168f5fddfba2d69fe5d110903dd65bca9f9edc'
Preserving unverified copy /private/tmp/ldd-local-o6r1eblg/hook-bytecode-q1yyq8mj/codex/skills/validate-idea: ENOENT: no such file or directory, lstat '/private/tmp/ldd-local-o6r1eblg/hook-bytecode-q1yyq8mj/store-codex/generations/9a89dd41f75557e1eb14007dfd168f5fddfba2d69fe5d110903dd65bca9f9edc'
Preserving unverified copy /private/tmp/ldd-local-o6r1eblg/hook-bytecode-q1yyq8mj/codex/skills/validate-skill: ENOENT: no such file or directory, lstat '/private/tmp/ldd-local-o6r1eblg/hook-bytecode-q1yyq8mj/store-codex/generations/9a89dd41f75557e1eb14007dfd168f5fddfba2d69fe5d110903dd65bca9f9edc'
Preserving unverified copy /private/tmp/ldd-local-o6r1eblg/hook-bytecode-q1yyq8mj/codex/skills/variant: ENOENT: no such file or directory, lstat '/private/tmp/ldd-local-o6r1eblg/hook-bytecode-q1yyq8mj/store-codex/generations/9a89dd41f75557e1eb14007dfd168f5fddfba2d69fe5d110903dd65bca9f9edc'
Preserving unverified copy /private/tmp/ldd-local-o6r1eblg/hook-bytecode-q1yyq8mj/codex/skills/vercel-composition-patterns: ENOENT: no such file or directory, lstat '/private/tmp/ldd-local-o6r1eblg/hook-bytecode-q1yyq8mj/store-codex/generations/9a89dd41f75557e1eb14007dfd168f5fddfba2d69fe5d110903dd65bca9f9edc'
Preserving unverified copy /private/tmp/ldd-local-o6r1eblg/hook-bytecode-q1yyq8mj/codex/skills/vercel-react-best-practices: ENOENT: no such file or directory, lstat '/private/tmp/ldd-local-o6r1eblg/hook-bytecode-q1yyq8mj/store-codex/generations/9a89dd41f75557e1eb14007dfd168f5fddfba2d69fe5d110903dd65bca9f9edc'
Preserving unverified copy /private/tmp/ldd-local-o6r1eblg/hook-bytecode-q1yyq8mj/codex/skills/vercel-react-native-skills: ENOENT: no such file or directory, lstat '/private/tmp/ldd-local-o6r1eblg/hook-bytecode-q1yyq8mj/store-codex/generations/9a89dd41f75557e1eb14007dfd168f5fddfba2d69fe5d110903dd65bca9f9edc'
Preserving unverified copy /private/tmp/ldd-local-o6r1eblg/hook-bytecode-q1yyq8mj/codex/skills/web-design-guidelines: ENOENT: no such file or directory, lstat '/private/tmp/ldd-local-o6r1eblg/hook-bytecode-q1yyq8mj/store-codex/generations/9a89dd41f75557e1eb14007dfd168f5fddfba2d69fe5d110903dd65bca9f9edc'
Preserving unverified copy /private/tmp/ldd-local-o6r1eblg/hook-bytecode-q1yyq8mj/codex/skills/workspace-structure: ENOENT: no such file or directory, lstat '/private/tmp/ldd-local-o6r1eblg/hook-bytecode-q1yyq8mj/store-codex/generations/9a89dd41f75557e1eb14007dfd168f5fddfba2d69fe5d110903dd65bca9f9edc'
Preserving unverified copy /private/tmp/ldd-local-o6r1eblg/hook-bytecode-q1yyq8mj/codex/skills/spec-gate: ENOENT: no such file or directory, lstat '/private/tmp/ldd-local-o6r1eblg/hook-bytecode-q1yyq8mj/store-codex/generations/9a89dd41f75557e1eb14007dfd168f5fddfba2d69fe5d110903dd65bca9f9edc'
Preserving unverified copy /private/tmp/ldd-local-o6r1eblg/hook-bytecode-q1yyq8mj/codex/skills/spec-gate: ENOENT: no such file or directory, lstat '/private/tmp/ldd-local-o6r1eblg/hook-bytecode-q1yyq8mj/store-codex/generations/9a89dd41f75557e1eb14007dfd168f5fddfba2d69fe5d110903dd65bca9f9edc'
Preserving unverified copy /private/tmp/ldd-local-o6r1eblg/hook-bytecode-q1yyq8mj/codex/skills/spec-gate-score: ENOENT: no such file or directory, lstat '/private/tmp/ldd-local-o6r1eblg/hook-bytecode-q1yyq8mj/store-codex/generations/9a89dd41f75557e1eb14007dfd168f5fddfba2d69fe5d110903dd65bca9f9edc'
Preserving unverified copy /private/tmp/ldd-local-o6r1eblg/hook-bytecode-q1yyq8mj/codex/skills/spec-gate-status: ENOENT: no such file or directory, lstat '/private/tmp/ldd-local-o6r1eblg/hook-bytecode-q1yyq8mj/store-codex/generations/9a89dd41f75557e1eb14007dfd168f5fddfba2d69fe5d110903dd65bca9f9edc'

install-plugin-generation: 217 skill(s) could not be installed at their canonical name.
These skills are on disk under a "prometheus-" prefix and are NOT reachable
at the name tools search for.

  COLLISION  ~/../codex/skills/actor-model
            occupied by: unowned directory, mtime 2026-10-05
            installed as: prometheus-actor-model
  COLLISION  ~/../codex/skills/adversarial-review
            occupied by: unowned directory, mtime 2026-10-05
            installed as: prometheus-adversarial-review
  COLLISION  ~/../codex/skills/agent-team-creator
            occupied by: unowned directory, mtime 2026-10-05
            installed as: prometheus-agent-team-creator
  COLLISION  ~/../codex/skills/agent-team-handoff
            occupied by: unowned directory, mtime 2026-10-05
            installed as: prometheus-agent-team-handoff
  COLLISION  ~/../codex/skills/agent-team-manage
            occupied by: unowned directory, mtime 2026-10-05
            installed as: prometheus-agent-team-manage
  COLLISION  ~/../codex/skills/agent-team-models
            occupied by: unowned directory, mtime 2026-10-05
            installed as: prometheus-agent-team-models
  COLLISION  ~/../codex/skills/android-compose-adaptive
            occupied by: unowned directory, mtime 2026-10-05
            installed as: prometheus-android-compose-adaptive
  COLLISION  ~/../codex/skills/android-edge-to-edge
            occupied by: unowned directory, mtime 2026-10-05
            installed as: prometheus-android-edge-to-edge
  COLLISION  ~/../codex/skills/argocd-multicloud
            occupied by: unowned directory, mtime 2026-10-05
            installed as: prometheus-argocd-multicloud
  COLLISION  ~/../codex/skills/artifact-refiner
            occupied by: unowned directory, mtime 2026-10-05
            installed as: prometheus-artifact-refiner
  COLLISION  ~/../codex/skills/async-patterns
            occupied by: unowned directory, mtime 2026-10-05
            installed as: prometheus-async-patterns
  COLLISION  ~/../codex/skills/axum-patterns
            occupied by: unowned directory, mtime 2026-10-05
            installed as: prometheus-axum-patterns
  COLLISION  ~/../codex/skills/bdd-cucumber-js
            occupied by: unowned directory, mtime 2026-10-05
            installed as: prometheus-bdd-cucumber-js
  COLLISION  ~/../codex/skills/bdd-cucumber-rs
            occupied by: unowned directory, mtime 2026-10-05
            installed as: prometheus-bdd-cucumber-rs
  COLLISION  ~/../codex/skills/bdd-lifecycle-loop
            occupied by: unowned directory, mtime 2026-10-05
            installed as: prometheus-bdd-lifecycle-loop
  COLLISION  ~/../codex/skills/bdd-testing
            occupied by: unowned directory, mtime 2026-10-05
            installed as: prometheus-bdd-testing
  COLLISION  ~/../codex/skills/bdd-video-proof
            occupied by: unowned directory, mtime 2026-10-05
            installed as: prometheus-bdd-video-proof
  COLLISION  ~/../codex/skills/better-accessibility
            occupied by: unowned directory, mtime 2026-10-05
            installed as: prometheus-better-accessibility
  COLLISION  ~/../codex/skills/better-colors
            occupied by: unowned directory, mtime 2026-10-05
            installed as: prometheus-better-colors
  COLLISION  ~/../codex/skills/better-interface
            occupied by: unowned directory, mtime 2026-10-05
            installed as: prometheus-better-interface
  COLLISION  ~/../codex/skills/better-layout
            occupied by: unowned directory, mtime 2026-10-05
            installed as: prometheus-better-layout
  COLLISION  ~/../codex/skills/better-typography
            occupied by: unowned directory, mtime 2026-10-05
            installed as: prometheus-better-typography
  COLLISION  ~/../codex/skills/better-ui
            occupied by: unowned directory, mtime 2026-10-05
            installed as: prometheus-better-ui
  COLLISION  ~/../codex/skills/better-writing
            occupied by: unowned directory, mtime 2026-10-05
            installed as: prometheus-better-writing
  COLLISION  ~/../codex/skills/break
            occupied by: unowned directory, mtime 2026-10-05
            installed as: prometheus-break
  COLLISION  ~/../codex/skills/clean-architecture
            occupied by: unowned directory, mtime 2026-10-05
            installed as: prometheus-clean-architecture
  COLLISION  ~/../codex/skills/clone-skill
            occupied by: unowned directory, mtime 2026-10-05
            installed as: prometheus-clone-skill
  COLLISION  ~/../codex/skills/convert-htmx-pdf
            occupied by: unowned directory, mtime 2026-10-05
            installed as: prometheus-convert-htmx-pdf
  COLLISION  ~/../codex/skills/convert-htmx-react
            occupied by: unowned directory, mtime 2026-10-05
            installed as: prometheus-convert-htmx-react
  COLLISION  ~/../codex/skills/convert-md-to-htmx
            occupied by: unowned directory, mtime 2026-10-05
            installed as: prometheus-convert-md-to-htmx
  COLLISION  ~/../codex/skills/cowork-management
            occupied by: unowned directory, mtime 2026-10-05
            installed as: prometheus-cowork-management
  COLLISION  ~/../codex/skills/create-native-agent
            occupied by: unowned directory, mtime 2026-10-05
            installed as: prometheus-create-native-agent
  COLLISION  ~/../codex/skills/create-skill
            occupied by: unowned directory, mtime 2026-10-05
            installed as: prometheus-create-skill
  COLLISION  ~/../codex/skills/deep-research
            occupied by: unowned directory, mtime 2026-10-05
            installed as: prometheus-deep-research
  COLLISION  ~/../codex/skills/delivery-cadence
            occupied by: unowned directory, mtime 2026-10-05
            installed as: prometheus-delivery-cadence
  COLLISION  ~/../codex/skills/design-svg-logo
            occupied by: unowned directory, mtime 2026-10-05
            installed as: prometheus-design-svg-logo
  COLLISION  ~/../codex/skills/design-taste-frontend
            occupied by: unowned directory, mtime 2026-10-05
            installed as: prometheus-design-taste-frontend
  COLLISION  ~/../codex/skills/design-taste-frontend-v1
            occupied by: unowned directory, mtime 2026-10-05
            installed as: prometheus-design-taste-frontend-v1
  COLLISION  ~/../codex/skills/disk-space-guardian
            occupied by: unowned directory, mtime 2026-10-05
            installed as: prometheus-disk-space-guardian
  COLLISION  ~/../codex/skills/entity-audit
            occupied by: unowned directory, mtime 2026-10-05
            installed as: prometheus-entity-audit
  COLLISION  ~/../codex/skills/entity-crud-form
            occupied by: unowned directory, mtime 2026-10-05
            installed as: prometheus-entity-crud-form
  COLLISION  ~/../codex/skills/entity-crud-page
            occupied by: unowned directory, mtime 2026-10-05
            installed as: prometheus-entity-crud-page
  COLLISION  ~/../codex/skills/entity-crud-relations
            occupied by: unowned directory, mtime 2026-10-05
            installed as: prometheus-entity-crud-relations
  COLLISION  ~/../codex/skills/entity-crud-table
            occupied by: unowned directory, mtime 2026-10-05
            installed as: prometheus-entity-crud-table
  COLLISION  ~/../codex/skills/entity-gc
            occupied by: unowned directory, mtime 2026-10-05
            installed as: prometheus-entity-gc
  COLLISION  ~/../codex/skills/entity-gql-hooks
            occupied by: unowned directory, mtime 2026-10-05
            installed as: prometheus-entity-gql-hooks
  COLLISION  ~/../codex/skills/entity-gql-setup
            occupied by: unowned directory, mtime 2026-10-05
            installed as: prometheus-entity-gql-setup
  COLLISION  ~/../codex/skills/entity-gql-subscription
            occupied by: unowned directory, mtime 2026-10-05
            installed as: prometheus-entity-gql-subscription
  COLLISION  ~/../codex/skills/entity-graph-crud
            occupied by: unowned directory, mtime 2026-10-05
            installed as: prometheus-entity-graph-crud
  COLLISION  ~/../codex/skills/entity-graph-detect
            occupied by: unowned directory, mtime 2026-10-05
            installed as: prometheus-entity-graph-detect
  COLLISION  ~/../codex/skills/entity-graph-graphql
            occupied by: unowned directory, mtime 2026-10-05
            installed as: prometheus-entity-graph-graphql
  COLLISION  ~/../codex/skills/entity-graph-init
            occupied by: unowned directory, mtime 2026-10-05
            installed as: prometheus-entity-graph-init
  COLLISION  ~/../codex/skills/entity-graph-migrate
            occupied by: unowned directory, mtime 2026-10-05
            installed as: prometheus-entity-graph-migrate
  COLLISION  ~/../codex/skills/entity-graph-optimize
            occupied by: unowned directory, mtime 2026-10-05
            installed as: prometheus-entity-graph-optimize
  COLLISION  ~/../codex/skills/entity-graph-prisma
            occupied by: unowned directory, mtime 2026-10-05
            installed as: prometheus-entity-graph-prisma
  COLLISION  ~/../codex/skills/entity-graph-realtime
            occupied by: unowned directory, mtime 2026-10-05
            installed as: prometheus-entity-graph-realtime
  COLLISION  ~/../codex/skills/entity-graph-setup
            occupied by: unowned directory, mtime 2026-10-05
            installed as: prometheus-entity-graph-setup
  COLLISION  ~/../codex/skills/entity-perf
            occupied by: unowned directory, mtime 2026-10-05
            installed as: prometheus-entity-perf
  COLLISION  ~/../codex/skills/entity-prisma-api
            occupied by: unowned directory, mtime 2026-10-05
            installed as: prometheus-entity-prisma-api
  COLLISION  ~/../codex/skills/entity-prisma-generator
            occupied by: unowned directory, mtime 2026-10-05
            installed as: prometheus-entity-prisma-generator
  COLLISION  ~/../codex/skills/entity-prisma-migrate
            occupied by: unowned directory, mtime 2026-10-05
            installed as: prometheus-entity-prisma-migrate
  COLLISION  ~/../codex/skills/entity-prisma-setup
            occupied by: unowned directory, mtime 2026-10-05
            installed as: prometheus-entity-prisma-setup
  COLLISION  ~/../codex/skills/entity-realtime-channel
            occupied by: unowned directory, mtime 2026-10-05
            installed as: prometheus-entity-realtime-channel
  COLLISION  ~/../codex/skills/entity-realtime-local-first
            occupied by: unowned directory, mtime 2026-10-05
            installed as: prometheus-entity-realtime-local-first
  COLLISION  ~/../codex/skills/entity-realtime-setup
            occupied by: unowned directory, mtime 2026-10-05
            installed as: prometheus-entity-realtime-setup
  COLLISION  ~/../codex/skills/entity-realtime-surreal-live
            occupied by: unowned directory, mtime 2026-10-05
            installed as: prometheus-entity-realtime-surreal-live
  COLLISION  ~/../codex/skills/error-handling
            occupied by: unowned directory, mtime 2026-10-05
            installed as: prometheus-error-handling
  COLLISION  ~/../codex/skills/evolve
            occupied by: unowned directory, mtime 2026-10-05
            installed as: prometheus-evolve
  COLLISION  ~/../codex/skills/evolve-analyze
            occupied by: unowned directory, mtime 2026-10-05
            installed as: prometheus-evolve-analyze
  COLLISION  ~/../codex/skills/evolve-assess
            occupied by: unowned directory, mtime 2026-10-05
            installed as: prometheus-evolve-assess
  COLLISION  ~/../codex/skills/evolve-execute
            occupied by: unowned directory, mtime 2026-10-05
            installed as: prometheus-evolve-execute
  COLLISION  ~/../codex/skills/evolve-plan
            occupied by: unowned directory, mtime 2026-10-05
            installed as: prometheus-evolve-plan
  COLLISION  ~/../codex/skills/evolve-report
            occupied by: unowned directory, mtime 2026-10-05
            installed as: prometheus-evolve-report
  COLLISION  ~/../codex/skills/evolve-status
            occupied by: unowned directory, mtime 2026-10-05
            installed as: prometheus-evolve-status
  COLLISION  ~/../codex/skills/explain-interface
            occupied by: unowned directory, mtime 2026-10-05
            installed as: prometheus-explain-interface
  COLLISION  ~/../codex/skills/expo-animation
            occupied by: unowned directory, mtime 2026-10-05
            installed as: prometheus-expo-animation
  COLLISION  ~/../codex/skills/expo-design-system
            occupied by: unowned directory, mtime 2026-10-05
            installed as: prometheus-expo-design-system
  COLLISION  ~/../codex/skills/expo-native-ui
            occupied by: unowned directory, mtime 2026-10-05
            installed as: prometheus-expo-native-ui
  COLLISION  ~/../codex/skills/expo-router
            occupied by: unowned directory, mtime 2026-10-05
            installed as: prometheus-expo-router
  COLLISION  ~/../codex/skills/expo-ui
            occupied by: unowned directory, mtime 2026-10-05
            installed as: prometheus-expo-ui
  COLLISION  ~/../codex/skills/extend-skill
            occupied by: unowned directory, mtime 2026-10-05
            installed as: prometheus-extend-skill
  COLLISION  ~/../codex/skills/fabric-integration
            occupied by: unowned directory, mtime 2026-10-05
            installed as: prometheus-fabric-integration
  COLLISION  ~/../codex/skills/feynman-loop
            occupied by: unowned directory, mtime 2026-10-05
            installed as: prometheus-feynman-loop
  COLLISION  ~/../codex/skills/flint-sdk-csharp
            occupied by: unowned directory, mtime 2026-10-05
            installed as: prometheus-flint-sdk-csharp
  COLLISION  ~/../codex/skills/flint-sdk-dart
            occupied by: unowned directory, mtime 2026-10-05
            installed as: prometheus-flint-sdk-dart
  COLLISION  ~/../codex/skills/flint-sdk-go
            occupied by: unowned directory, mtime 2026-10-05
            installed as: prometheus-flint-sdk-go
  COLLISION  ~/../codex/skills/flint-sdk-kotlin
            occupied by: unowned directory, mtime 2026-10-05
            installed as: prometheus-flint-sdk-kotlin
  COLLISION  ~/../codex/skills/flint-sdk-swift
            occupied by: unowned directory, mtime 2026-10-05
            installed as: prometheus-flint-sdk-swift
  COLLISION  ~/../codex/skills/flint-sdk-ts
            occupied by: unowned directory, mtime 2026-10-05
            installed as: prometheus-flint-sdk-ts
  COLLISION  ~/../codex/skills/flutter-build-responsive-layout
            occupied by: unowned directory, mtime 2026-10-05
            installed as: prometheus-flutter-build-responsive-layout
  COLLISION  ~/../codex/skills/flutter-fix-layout-issues
            occupied by: unowned directory, mtime 2026-10-05
            installed as: prometheus-flutter-fix-layout-issues
  COLLISION  ~/../codex/skills/flutter-rust-ffi
            occupied by: unowned directory, mtime 2026-10-05
            installed as: prometheus-flutter-rust-ffi
  COLLISION  ~/../codex/skills/flutter-setup-declarative-routing
            occupied by: unowned directory, mtime 2026-10-05
            installed as: prometheus-flutter-setup-declarative-routing
  COLLISION  ~/../codex/skills/flutter-setup-localization
            occupied by: unowned directory, mtime 2026-10-05
            installed as: prometheus-flutter-setup-localization
  COLLISION  ~/../codex/skills/full-output-enforcement
            occupied by: unowned directory, mtime 2026-10-05
            installed as: prometheus-full-output-enforcement
  COLLISION  ~/../codex/skills/gitops-bootstrap
            occupied by: unowned directory, mtime 2026-10-05
            installed as: prometheus-gitops-bootstrap
  COLLISION  ~/../codex/skills/gitops-transform
            occupied by: unowned directory, mtime 2026-10-05
            installed as: prometheus-gitops-transform
  COLLISION  ~/../codex/skills/go-base-patterns
            occupied by: unowned directory, mtime 2026-10-05
            installed as: prometheus-go-base-patterns
  COLLISION  ~/../codex/skills/gpt-taste
            occupied by: unowned directory, mtime 2026-10-05
            installed as: prometheus-gpt-taste
  COLLISION  ~/../codex/skills/high-end-visual-design
            occupied by: unowned directory, mtime 2026-10-05
            installed as: prometheus-high-end-visual-design
  COLLISION  ~/../codex/skills/htmx-alpine-lit
            occupied by: unowned directory, mtime 2026-10-05
            installed as: prometheus-htmx-alpine-lit
  COLLISION  ~/../codex/skills/ideation-mindmap
            occupied by: unowned directory, mtime 2026-10-05
            installed as: prometheus-ideation-mindmap
  COLLISION  ~/../codex/skills/impeccable
            occupied by: unowned directory, mtime 2026-10-05
            installed as: prometheus-impeccable
  COLLISION  ~/../codex/skills/industrial-brutalist-ui
            occupied by: unowned directory, mtime 2026-10-05
            installed as: prometheus-industrial-brutalist-ui
  COLLISION  ~/../codex/skills/interface-review
            occupied by: unowned directory, mtime 2026-10-05
            installed as: prometheus-interface-review
  COLLISION  ~/../codex/skills/iterative-evolver
            occupied by: unowned directory, mtime 2026-10-05
            installed as: prometheus-iterative-evolver
  COLLISION  ~/../codex/skills/karpathy-progress-memory
            occupied by: unowned directory, mtime 2026-10-05
            installed as: prometheus-karpathy-progress-memory
  COLLISION  ~/../codex/skills/karpathy-tokenizer
            occupied by: unowned directory, mtime 2026-10-05
            installed as: prometheus-karpathy-tokenizer
  COLLISION  ~/../codex/skills/kbd-analyze
            occupied by: unowned directory, mtime 2026-10-05
            installed as: prometheus-kbd-analyze
  COLLISION  ~/../codex/skills/kbd-apply
            occupied by: unowned directory, mtime 2026-10-05
            installed as: prometheus-kbd-apply
  COLLISION  ~/../codex/skills/kbd-assess
            occupied by: unowned directory, mtime 2026-10-05
            installed as: prometheus-kbd-assess
  COLLISION  ~/../codex/skills/kbd-audit
            occupied by: unowned directory, mtime 2026-10-05
            installed as: prometheus-kbd-audit
  COLLISION  ~/../codex/skills/kbd-bottleneck-detector
            occupied by: unowned directory, mtime 2026-10-05
            installed as: prometheus-kbd-bottleneck-detector
  COLLISION  ~/../codex/skills/kbd-cancel
            occupied by: unowned directory, mtime 2026-10-05
            installed as: prometheus-kbd-cancel
  COLLISION  ~/../codex/skills/kbd-child-exit
            occupied by: unowned directory, mtime 2026-10-05
            installed as: prometheus-kbd-child-exit
  COLLISION  ~/../codex/skills/kbd-doctor
            occupied by: unowned directory, mtime 2026-10-05
            installed as: prometheus-kbd-doctor
  COLLISION  ~/../codex/skills/kbd-evolve
            occupied by: unowned directory, mtime 2026-10-05
            installed as: prometheus-kbd-evolve
  COLLISION  ~/../codex/skills/kbd-execute
            occupied by: unowned directory, mtime 2026-10-05
            installed as: prometheus-kbd-execute
  COLLISION  ~/../codex/skills/kbd-goal
            occupied by: unowned directory, mtime 2026-10-05
            installed as: prometheus-kbd-goal
  COLLISION  ~/../codex/skills/kbd-goal-check
            occupied by: unowned directory, mtime 2026-10-05
            installed as: prometheus-kbd-goal-check
  COLLISION  ~/../codex/skills/kbd-init
            occupied by: unowned directory, mtime 2026-10-05
            installed as: prometheus-kbd-init
  COLLISION  ~/../codex/skills/kbd-inject-agent-rules
            occupied by: unowned directory, mtime 2026-10-05
            installed as: prometheus-kbd-inject-agent-rules
  COLLISION  ~/../codex/skills/kbd-loop
            occupied by: unowned directory, mtime 2026-10-05
            installed as: prometheus-kbd-loop
  COLLISION  ~/../codex/skills/kbd-memory-recall
            occupied by: unowned directory, mtime 2026-10-05
            installed as: prometheus-kbd-memory-recall
  COLLISION  ~/../codex/skills/kbd-new-child
            occupied by: unowned directory, mtime 2026-10-05
            installed as: prometheus-kbd-new-child
  COLLISION  ~/../codex/skills/kbd-new-phase
            occupied by: unowned directory, mtime 2026-10-05
            installed as: prometheus-kbd-new-phase
  COLLISION  ~/../codex/skills/kbd-next-child
            occupied by: unowned directory, mtime 2026-10-05
            installed as: prometheus-kbd-next-child
  COLLISION  ~/../codex/skills/kbd-next-phase
            occupied by: unowned directory, mtime 2026-10-05
            installed as: prometheus-kbd-next-phase
  COLLISION  ~/../codex/skills/kbd-pause
            occupied by: unowned directory, mtime 2026-10-05
            installed as: prometheus-kbd-pause
  COLLISION  ~/../codex/skills/kbd-plan
            occupied by: unowned directory, mtime 2026-10-05
            installed as: prometheus-kbd-plan
  COLLISION  ~/../codex/skills/kbd-process-orchestrator
            occupied by: unowned directory, mtime 2026-10-05
            installed as: prometheus-kbd-process-orchestrator
  COLLISION  ~/../codex/skills/kbd-reflect
            occupied by: unowned directory, mtime 2026-10-05
            installed as: prometheus-kbd-reflect
  COLLISION  ~/../codex/skills/kbd-resume
            occupied by: unowned directory, mtime 2026-10-05
            installed as: prometheus-kbd-resume
  COLLISION  ~/../codex/skills/kbd-spec
            occupied by: unowned directory, mtime 2026-10-05
            installed as: prometheus-kbd-spec
  COLLISION  ~/../codex/skills/kbd-status
            occupied by: unowned directory, mtime 2026-10-05
            installed as: prometheus-kbd-status
  COLLISION  ~/../codex/skills/kreuzberg
            occupied by: unowned directory, mtime 2026-10-05
            installed as: prometheus-kreuzberg
  COLLISION  ~/../codex/skills/kustomize-overlay
            occupied by: unowned directory, mtime 2026-10-05
            installed as: prometheus-kustomize-overlay
  COLLISION  ~/../codex/skills/learn-about-system
            occupied by: unowned directory, mtime 2026-10-05
            installed as: prometheus-learn-about-system
  COLLISION  ~/../codex/skills/learn-certify
            occupied by: unowned directory, mtime 2026-10-05
            installed as: prometheus-learn-certify
  COLLISION  ~/../codex/skills/learn-goal
            occupied by: unowned directory, mtime 2026-10-05
            installed as: prometheus-learn-goal
  COLLISION  ~/../codex/skills/learn-grade
            occupied by: unowned directory, mtime 2026-10-05
            installed as: prometheus-learn-grade
  COLLISION  ~/../codex/skills/learn-harness
            occupied by: unowned directory, mtime 2026-10-05
            installed as: prometheus-learn-harness
  COLLISION  ~/../codex/skills/learn-kb
            occupied by: unowned directory, mtime 2026-10-05
            installed as: prometheus-learn-kb
  COLLISION  ~/../codex/skills/learn-plan
            occupied by: unowned directory, mtime 2026-10-05
            installed as: prometheus-learn-plan
  COLLISION  ~/../codex/skills/learn-practice
            occupied by: unowned directory, mtime 2026-10-05
            installed as: prometheus-learn-practice
  COLLISION  ~/../codex/skills/learn-retain
            occupied by: unowned directory, mtime 2026-10-05
            installed as: prometheus-learn-retain
  COLLISION  ~/../codex/skills/learn-survey
            occupied by: unowned directory, mtime 2026-10-05
            installed as: prometheus-learn-survey
  COLLISION  ~/../codex/skills/librefang-wasm-skill
            occupied by: unowned directory, mtime 2026-10-05
            installed as: prometheus-librefang-wasm-skill
  COLLISION  ~/../codex/skills/liter-llm-bridge
            occupied by: unowned directory, mtime 2026-10-05
            installed as: prometheus-liter-llm-bridge
  COLLISION  ~/../codex/skills/llm-wiki
            occupied by: unowned directory, mtime 2026-10-05
            installed as: prometheus-llm-wiki
  COLLISION  ~/../codex/skills/mcp-server
            occupied by: unowned directory, mtime 2026-10-05
            installed as: prometheus-mcp-server
  COLLISION  ~/../codex/skills/minimalist-ui
            occupied by: unowned directory, mtime 2026-10-05
            installed as: prometheus-minimalist-ui
  COLLISION  ~/../codex/skills/native-agent
            occupied by: unowned directory, mtime 2026-10-05
            installed as: prometheus-native-agent
  COLLISION  ~/../codex/skills/performance
            occupied by: unowned directory, mtime 2026-10-05
            installed as: prometheus-performance
  COLLISION  ~/../codex/skills/pmpo-elicit
            occupied by: unowned directory, mtime 2026-10-05
            installed as: prometheus-pmpo-elicit
  COLLISION  ~/../codex/skills/pmpo-evolver
            occupied by: unowned directory, mtime 2026-10-05
            installed as: prometheus-pmpo-evolver
  COLLISION  ~/../codex/skills/pmpo-outer-loop
            occupied by: unowned directory, mtime 2026-10-05
            installed as: prometheus-pmpo-outer-loop
  COLLISION  ~/../codex/skills/pmpo-skill-creator
            occupied by: unowned directory, mtime 2026-10-05
            installed as: prometheus-pmpo-skill-creator
  COLLISION  ~/../codex/skills/prometheus-context-bootstrap
            occupied by: unowned directory, mtime 2026-10-05
            installed as: prometheus-prometheus-context-bootstrap
  COLLISION  ~/../codex/skills/prometheus-entity-skills
            occupied by: unowned directory, mtime 2026-10-05
            installed as: prometheus-prometheus-entity-skills
  COLLISION  ~/../codex/skills/prometheus-impeccable-core
            occupied by: unowned directory, mtime 2026-10-05
            installed as: prometheus-prometheus-impeccable-core
  COLLISION  ~/../codex/skills/prometheus-rust-auditor
            occupied by: unowned directory, mtime 2026-10-05
            installed as: prometheus-prometheus-rust-auditor
  COLLISION  ~/../codex/skills/prometheus-rust-workspace
            occupied by: unowned directory, mtime 2026-10-05
            installed as: prometheus-prometheus-rust-workspace
  COLLISION  ~/../codex/skills/prometheus-ui-review
            occupied by: unowned directory, mtime 2026-10-05
            installed as: prometheus-prometheus-ui-review
  COLLISION  ~/../codex/skills/prometheus-ui-ux
            occupied by: unowned directory, mtime 2026-10-05
            installed as: prometheus-prometheus-ui-ux
  COLLISION  ~/../codex/skills/pyo3-bridge
            occupied by: unowned directory, mtime 2026-10-05
            installed as: prometheus-pyo3-bridge
  COLLISION  ~/../codex/skills/react-vite-stack
            occupied by: unowned directory, mtime 2026-10-05
            installed as: prometheus-react-vite-stack
  COLLISION  ~/../codex/skills/rebrand-artifact
            occupied by: unowned directory, mtime 2026-10-05
            installed as: prometheus-rebrand-artifact
  COLLISION  ~/../codex/skills/redesign-existing-projects
            occupied by: unowned directory, mtime 2026-10-05
            installed as: prometheus-redesign-existing-projects
  COLLISION  ~/../codex/skills/refine-a2ui
            occupied by: unowned directory, mtime 2026-10-05
            installed as: prometheus-refine-a2ui
  COLLISION  ~/../codex/skills/refine-content
            occupied by: unowned directory, mtime 2026-10-05
            installed as: prometheus-refine-content
  COLLISION  ~/../codex/skills/refine-image
            occupied by: unowned directory, mtime 2026-10-05
            installed as: prometheus-refine-image
  COLLISION  ~/../codex/skills/refine-logo
            occupied by: unowned directory, mtime 2026-10-05
            installed as: prometheus-refine-logo
  COLLISION  ~/../codex/skills/refine-mcp-ui
            occupied by: unowned directory, mtime 2026-10-05
            installed as: prometheus-refine-mcp-ui
  COLLISION  ~/../codex/skills/refine-moodboard
            occupied by: unowned directory, mtime 2026-10-05
            installed as: prometheus-refine-moodboard
  COLLISION  ~/../codex/skills/refine-status
            occupied by: unowned directory, mtime 2026-10-05
            installed as: prometheus-refine-status
  COLLISION  ~/../codex/skills/refine-ui
            occupied by: unowned directory, mtime 2026-10-05
            installed as: prometheus-refine-ui
  COLLISION  ~/../codex/skills/refine-validate
            occupied by: unowned directory, mtime 2026-10-05
            installed as: prometheus-refine-validate
  COLLISION  ~/../codex/skills/rust-async-patterns
            occupied by: unowned directory, mtime 2026-10-05
            installed as: prometheus-rust-async-patterns
  COLLISION  ~/../codex/skills/rust-best-practices
            occupied by: unowned directory, mtime 2026-10-05
            installed as: prometheus-rust-best-practices
  COLLISION  ~/../codex/skills/rust-mcp-server-generator
            occupied by: unowned directory, mtime 2026-10-05
            installed as: prometheus-rust-mcp-server-generator
  COLLISION  ~/../codex/skills/scaffold-flutter-a2ui
            occupied by: unowned directory, mtime 2026-10-05
            installed as: prometheus-scaffold-flutter-a2ui
  COLLISION  ~/../codex/skills/scaffold-react-vite
            occupied by: unowned directory, mtime 2026-10-05
            installed as: prometheus-scaffold-react-vite
  COLLISION  ~/../codex/skills/scaffold-react-vite-a2ui
            occupied by: unowned directory, mtime 2026-10-05
            installed as: prometheus-scaffold-react-vite-a2ui
  COLLISION  ~/../codex/skills/scaffold-react-vite-agui
            occupied by: unowned directory, mtime 2026-10-05
            installed as: prometheus-scaffold-react-vite-agui
  COLLISION  ~/../codex/skills/scaffold-react-vite-tauri
            occupied by: unowned directory, mtime 2026-10-05
            installed as: prometheus-scaffold-react-vite-tauri
  COLLISION  ~/../codex/skills/stage-01-planner
            occupied by: unowned directory, mtime 2026-10-05
            installed as: prometheus-stage-01-planner
  COLLISION  ~/../codex/skills/stage-02-search
            occupied by: unowned directory, mtime 2026-10-05
            installed as: prometheus-stage-02-search
  COLLISION  ~/../codex/skills/stage-03-retrieve
            occupied by: unowned directory, mtime 2026-10-05
            installed as: prometheus-stage-03-retrieve
  COLLISION  ~/../codex/skills/stage-04-collect
            occupied by: unowned directory, mtime 2026-10-05
            installed as: prometheus-stage-04-collect
  COLLISION  ~/../codex/skills/stage-05-verify
            occupied by: unowned directory, mtime 2026-10-05
            installed as: prometheus-stage-05-verify
  COLLISION  ~/../codex/skills/stage-06-resolve
            occupied by: unowned directory, mtime 2026-10-05
            installed as: prometheus-stage-06-resolve
  COLLISION  ~/../codex/skills/stage-07-graph
            occupied by: unowned directory, mtime 2026-10-05
            installed as: prometheus-stage-07-graph
  COLLISION  ~/../codex/skills/stage-08-cite
            occupied by: unowned directory, mtime 2026-10-05
            installed as: prometheus-stage-08-cite
  COLLISION  ~/../codex/skills/stage-09-report
            occupied by: unowned directory, mtime 2026-10-05
            installed as: prometheus-stage-09-report
  COLLISION  ~/../codex/skills/stage-10-export
            occupied by: unowned directory, mtime 2026-10-05
            installed as: prometheus-stage-10-export
  COLLISION  ~/../codex/skills/start-business-build
            occupied by: unowned directory, mtime 2026-10-05
            installed as: prometheus-start-business-build
  COLLISION  ~/../codex/skills/stitch-design-taste
            occupied by: unowned directory, mtime 2026-10-05
            installed as: prometheus-stitch-design-taste
  COLLISION  ~/../codex/skills/swiftui-pro
            occupied by: unowned directory, mtime 2026-10-05
            installed as: prometheus-swiftui-pro
  COLLISION  ~/../codex/skills/sycophancy-correction
            occupied by: unowned directory, mtime 2026-10-05
            installed as: prometheus-sycophancy-correction
  COLLISION  ~/../codex/skills/tauri-react-vite
            occupied by: unowned directory, mtime 2026-10-05
            installed as: prometheus-tauri-react-vite
  COLLISION  ~/../codex/skills/typescript-base-patterns
            occupied by: unowned directory, mtime 2026-10-05
            installed as: prometheus-typescript-base-patterns
  COLLISION  ~/../codex/skills/ui-surface
            occupied by: unowned directory, mtime 2026-10-05
            installed as: prometheus-ui-surface
  COLLISION  ~/../codex/skills/ui-ux-pro-max
            occupied by: unowned directory, mtime 2026-10-05
            installed as: prometheus-ui-ux-pro-max
  COLLISION  ~/../codex/skills/upload-to-bossfang
            occupied by: unowned directory, mtime 2026-10-05
            installed as: prometheus-upload-to-bossfang
  COLLISION  ~/../codex/skills/validate-idea
            occupied by: unowned directory, mtime 2026-10-05
            installed as: prometheus-validate-idea
  COLLISION  ~/../codex/skills/validate-skill
            occupied by: unowned directory, mtime 2026-10-05
            installed as: prometheus-validate-skill
  COLLISION  ~/../codex/skills/variant
            occupied by: unowned directory, mtime 2026-10-05
            installed as: prometheus-variant
  COLLISION  ~/../codex/skills/vercel-composition-patterns
            occupied by: unowned directory, mtime 2026-10-05
            installed as: prometheus-vercel-composition-patterns
  COLLISION  ~/../codex/skills/vercel-react-best-practices
            occupied by: unowned directory, mtime 2026-10-05
            installed as: prometheus-vercel-react-best-practices
  COLLISION  ~/../codex/skills/vercel-react-native-skills
            occupied by: unowned directory, mtime 2026-10-05
            installed as: prometheus-vercel-react-native-skills
  COLLISION  ~/../codex/skills/web-design-guidelines
            occupied by: unowned directory, mtime 2026-10-05
            installed as: prometheus-web-design-guidelines
  COLLISION  ~/../codex/skills/workspace-structure
            occupied by: unowned directory, mtime 2026-10-05
            installed as: prometheus-workspace-structure
  COLLISION  ~/../codex/skills/spec-gate
            occupied by: unowned directory, mtime 2026-10-05
            installed as: prometheus-spec-gate
  COLLISION  ~/../codex/skills/spec-gate
            occupied by: unowned directory, mtime 2026-10-05
            installed as: prometheus-spec-gate
  COLLISION  ~/../codex/skills/spec-gate-score
            occupied by: unowned directory, mtime 2026-10-05
            installed as: prometheus-spec-gate-score
  COLLISION  ~/../codex/skills/spec-gate-status
            occupied by: unowned directory, mtime 2026-10-05
            installed as: prometheus-spec-gate-status

Remediation — move each occupant aside, then reinstall:
  mv ~/../codex/skills/actor-model{,.foreign-$(date +%Y%m%d)}
  mv ~/../codex/skills/adversarial-review{,.foreign-$(date +%Y%m%d)}
  mv ~/../codex/skills/agent-team-creator{,.foreign-$(date +%Y%m%d)}
  mv ~/../codex/skills/agent-team-handoff{,.foreign-$(date +%Y%m%d)}
  mv ~/../codex/skills/agent-team-manage{,.foreign-$(date +%Y%m%d)}
  mv ~/../codex/skills/agent-team-models{,.foreign-$(date +%Y%m%d)}
  mv ~/../codex/skills/android-compose-adaptive{,.foreign-$(date +%Y%m%d)}
  mv ~/../codex/skills/android-edge-to-edge{,.foreign-$(date +%Y%m%d)}
  mv ~/../codex/skills/argocd-multicloud{,.foreign-$(date +%Y%m%d)}
  mv ~/../codex/skills/artifact-refiner{,.foreign-$(date +%Y%m%d)}
  mv ~/../codex/skills/async-patterns{,.foreign-$(date +%Y%m%d)}
  mv ~/../codex/skills/axum-patterns{,.foreign-$(date +%Y%m%d)}
  mv ~/../codex/skills/bdd-cucumber-js{,.foreign-$(date +%Y%m%d)}
  mv ~/../codex/skills/bdd-cucumber-rs{,.foreign-$(date +%Y%m%d)}
  mv ~/../codex/skills/bdd-lifecycle-loop{,.foreign-$(date +%Y%m%d)}
  mv ~/../codex/skills/bdd-testing{,.foreign-$(date +%Y%m%d)}
  mv ~/../codex/skills/bdd-video-proof{,.foreign-$(date +%Y%m%d)}
  mv ~/../codex/skills/better-accessibility{,.foreign-$(date +%Y%m%d)}
  mv ~/../codex/skills/better-colors{,.foreign-$(date +%Y%m%d)}
  mv ~/../codex/skills/better-interface{,.foreign-$(date +%Y%m%d)}
  mv ~/../codex/skills/better-layout{,.foreign-$(date +%Y%m%d)}
  mv ~/../codex/skills/better-typography{,.foreign-$(date +%Y%m%d)}
  mv ~/../codex/skills/better-ui{,.foreign-$(date +%Y%m%d)}
  mv ~/../codex/skills/better-writing{,.foreign-$(date +%Y%m%d)}
  mv ~/../codex/skills/break{,.foreign-$(date +%Y%m%d)}
  mv ~/../codex/skills/clean-architecture{,.foreign-$(date +%Y%m%d)}
  mv ~/../codex/skills/clone-skill{,.foreign-$(date +%Y%m%d)}
  mv ~/../codex/skills/convert-htmx-pdf{,.foreign-$(date +%Y%m%d)}
  mv ~/../codex/skills/convert-htmx-react{,.foreign-$(date +%Y%m%d)}
  mv ~/../codex/skills/convert-md-to-htmx{,.foreign-$(date +%Y%m%d)}
  mv ~/../codex/skills/cowork-management{,.foreign-$(date +%Y%m%d)}
  mv ~/../codex/skills/create-native-agent{,.foreign-$(date +%Y%m%d)}
  mv ~/../codex/skills/create-skill{,.foreign-$(date +%Y%m%d)}
  mv ~/../codex/skills/deep-research{,.foreign-$(date +%Y%m%d)}
  mv ~/../codex/skills/delivery-cadence{,.foreign-$(date +%Y%m%d)}
  mv ~/../codex/skills/design-svg-logo{,.foreign-$(date +%Y%m%d)}
  mv ~/../codex/skills/design-taste-frontend{,.foreign-$(date +%Y%m%d)}
  mv ~/../codex/skills/design-taste-frontend-v1{,.foreign-$(date +%Y%m%d)}
  mv ~/../codex/skills/disk-space-guardian{,.foreign-$(date +%Y%m%d)}
  mv ~/../codex/skills/entity-audit{,.foreign-$(date +%Y%m%d)}
  mv ~/../codex/skills/entity-crud-form{,.foreign-$(date +%Y%m%d)}
  mv ~/../codex/skills/entity-crud-page{,.foreign-$(date +%Y%m%d)}
  mv ~/../codex/skills/entity-crud-relations{,.foreign-$(date +%Y%m%d)}
  mv ~/../codex/skills/entity-crud-table{,.foreign-$(date +%Y%m%d)}
  mv ~/../codex/skills/entity-gc{,.foreign-$(date +%Y%m%d)}
  mv ~/../codex/skills/entity-gql-hooks{,.foreign-$(date +%Y%m%d)}
  mv ~/../codex/skills/entity-gql-setup{,.foreign-$(date +%Y%m%d)}
  mv ~/../codex/skills/entity-gql-subscription{,.foreign-$(date +%Y%m%d)}
  mv ~/../codex/skills/entity-graph-crud{,.foreign-$(date +%Y%m%d)}
  mv ~/../codex/skills/entity-graph-detect{,.foreign-$(date +%Y%m%d)}
  mv ~/../codex/skills/entity-graph-graphql{,.foreign-$(date +%Y%m%d)}
  mv ~/../codex/skills/entity-graph-init{,.foreign-$(date +%Y%m%d)}
  mv ~/../codex/skills/entity-graph-migrate{,.foreign-$(date +%Y%m%d)}
  mv ~/../codex/skills/entity-graph-optimize{,.foreign-$(date +%Y%m%d)}
  mv ~/../codex/skills/entity-graph-prisma{,.foreign-$(date +%Y%m%d)}
  mv ~/../codex/skills/entity-graph-realtime{,.foreign-$(date +%Y%m%d)}
  mv ~/../codex/skills/entity-graph-setup{,.foreign-$(date +%Y%m%d)}
  mv ~/../codex/skills/entity-perf{,.foreign-$(date +%Y%m%d)}
  mv ~/../codex/skills/entity-prisma-api{,.foreign-$(date +%Y%m%d)}
  mv ~/../codex/skills/entity-prisma-generator{,.foreign-$(date +%Y%m%d)}
  mv ~/../codex/skills/entity-prisma-migrate{,.foreign-$(date +%Y%m%d)}
  mv ~/../codex/skills/entity-prisma-setup{,.foreign-$(date +%Y%m%d)}
  mv ~/../codex/skills/entity-realtime-channel{,.foreign-$(date +%Y%m%d)}
  mv ~/../codex/skills/entity-realtime-local-first{,.foreign-$(date +%Y%m%d)}
  mv ~/../codex/skills/entity-realtime-setup{,.foreign-$(date +%Y%m%d)}
  mv ~/../codex/skills/entity-realtime-surreal-live{,.foreign-$(date +%Y%m%d)}
  mv ~/../codex/skills/error-handling{,.foreign-$(date +%Y%m%d)}
  mv ~/../codex/skills/evolve{,.foreign-$(date +%Y%m%d)}
  mv ~/../codex/skills/evolve-analyze{,.foreign-$(date +%Y%m%d)}
  mv ~/../codex/skills/evolve-assess{,.foreign-$(date +%Y%m%d)}
  mv ~/../codex/skills/evolve-execute{,.foreign-$(date +%Y%m%d)}
  mv ~/../codex/skills/evolve-plan{,.foreign-$(date +%Y%m%d)}
  mv ~/../codex/skills/evolve-report{,.foreign-$(date +%Y%m%d)}
  mv ~/../codex/skills/evolve-status{,.foreign-$(date +%Y%m%d)}
  mv ~/../codex/skills/explain-interface{,.foreign-$(date +%Y%m%d)}
  mv ~/../codex/skills/expo-animation{,.foreign-$(date +%Y%m%d)}
  mv ~/../codex/skills/expo-design-system{,.foreign-$(date +%Y%m%d)}
  mv ~/../codex/skills/expo-native-ui{,.foreign-$(date +%Y%m%d)}
  mv ~/../codex/skills/expo-router{,.foreign-$(date +%Y%m%d)}
  mv ~/../codex/skills/expo-ui{,.foreign-$(date +%Y%m%d)}
  mv ~/../codex/skills/extend-skill{,.foreign-$(date +%Y%m%d)}
  mv ~/../codex/skills/fabric-integration{,.foreign-$(date +%Y%m%d)}
  mv ~/../codex/skills/feynman-loop{,.foreign-$(date +%Y%m%d)}
  mv ~/../codex/skills/flint-sdk-csharp{,.foreign-$(date +%Y%m%d)}
  mv ~/../codex/skills/flint-sdk-dart{,.foreign-$(date +%Y%m%d)}
  mv ~/../codex/skills/flint-sdk-go{,.foreign-$(date +%Y%m%d)}
  mv ~/../codex/skills/flint-sdk-kotlin{,.foreign-$(date +%Y%m%d)}
  mv ~/../codex/skills/flint-sdk-swift{,.foreign-$(date +%Y%m%d)}
  mv ~/../codex/skills/flint-sdk-ts{,.foreign-$(date +%Y%m%d)}
  mv ~/../codex/skills/flutter-build-responsive-layout{,.foreign-$(date +%Y%m%d)}
  mv ~/../codex/skills/flutter-fix-layout-issues{,.foreign-$(date +%Y%m%d)}
  mv ~/../codex/skills/flutter-rust-ffi{,.foreign-$(date +%Y%m%d)}
  mv ~/../codex/skills/flutter-setup-declarative-routing{,.foreign-$(date +%Y%m%d)}
  mv ~/../codex/skills/flutter-setup-localization{,.foreign-$(date +%Y%m%d)}
  mv ~/../codex/skills/full-output-enforcement{,.foreign-$(date +%Y%m%d)}
  mv ~/../codex/skills/gitops-bootstrap{,.foreign-$(date +%Y%m%d)}
  mv ~/../codex/skills/gitops-transform{,.foreign-$(date +%Y%m%d)}
  mv ~/../codex/skills/go-base-patterns{,.foreign-$(date +%Y%m%d)}
  mv ~/../codex/skills/gpt-taste{,.foreign-$(date +%Y%m%d)}
  mv ~/../codex/skills/high-end-visual-design{,.foreign-$(date +%Y%m%d)}
  mv ~/../codex/skills/htmx-alpine-lit{,.foreign-$(date +%Y%m%d)}
  mv ~/../codex/skills/ideation-mindmap{,.foreign-$(date +%Y%m%d)}
  mv ~/../codex/skills/impeccable{,.foreign-$(date +%Y%m%d)}
  mv ~/../codex/skills/industrial-brutalist-ui{,.foreign-$(date +%Y%m%d)}
  mv ~/../codex/skills/interface-review{,.foreign-$(date +%Y%m%d)}
  mv ~/../codex/skills/iterative-evolver{,.foreign-$(date +%Y%m%d)}
  mv ~/../codex/skills/karpathy-progress-memory{,.foreign-$(date +%Y%m%d)}
  mv ~/../codex/skills/karpathy-tokenizer{,.foreign-$(date +%Y%m%d)}
  mv ~/../codex/skills/kbd-analyze{,.foreign-$(date +%Y%m%d)}
  mv ~/../codex/skills/kbd-apply{,.foreign-$(date +%Y%m%d)}
  mv ~/../codex/skills/kbd-assess{,.foreign-$(date +%Y%m%d)}
  mv ~/../codex/skills/kbd-audit{,.foreign-$(date +%Y%m%d)}
  mv ~/../codex/skills/kbd-bottleneck-detector{,.foreign-$(date +%Y%m%d)}
  mv ~/../codex/skills/kbd-cancel{,.foreign-$(date +%Y%m%d)}
  mv ~/../codex/skills/kbd-child-exit{,.foreign-$(date +%Y%m%d)}
  mv ~/../codex/skills/kbd-doctor{,.foreign-$(date +%Y%m%d)}
  mv ~/../codex/skills/kbd-evolve{,.foreign-$(date +%Y%m%d)}
  mv ~/../codex/skills/kbd-execute{,.foreign-$(date +%Y%m%d)}
  mv ~/../codex/skills/kbd-goal{,.foreign-$(date +%Y%m%d)}
  mv ~/../codex/skills/kbd-goal-check{,.foreign-$(date +%Y%m%d)}
  mv ~/../codex/skills/kbd-init{,.foreign-$(date +%Y%m%d)}
  mv ~/../codex/skills/kbd-inject-agent-rules{,.foreign-$(date +%Y%m%d)}
  mv ~/../codex/skills/kbd-loop{,.foreign-$(date +%Y%m%d)}
  mv ~/../codex/skills/kbd-memory-recall{,.foreign-$(date +%Y%m%d)}
  mv ~/../codex/skills/kbd-new-child{,.foreign-$(date +%Y%m%d)}
  mv ~/../codex/skills/kbd-new-phase{,.foreign-$(date +%Y%m%d)}
  mv ~/../codex/skills/kbd-next-child{,.foreign-$(date +%Y%m%d)}
  mv ~/../codex/skills/kbd-next-phase{,.foreign-$(date +%Y%m%d)}
  mv ~/../codex/skills/kbd-pause{,.foreign-$(date +%Y%m%d)}
  mv ~/../codex/skills/kbd-plan{,.foreign-$(date +%Y%m%d)}
  mv ~/../codex/skills/kbd-process-orchestrator{,.foreign-$(date +%Y%m%d)}
  mv ~/../codex/skills/kbd-reflect{,.foreign-$(date +%Y%m%d)}
  mv ~/../codex/skills/kbd-resume{,.foreign-$(date +%Y%m%d)}
  mv ~/../codex/skills/kbd-spec{,.foreign-$(date +%Y%m%d)}
  mv ~/../codex/skills/kbd-status{,.foreign-$(date +%Y%m%d)}
  mv ~/../codex/skills/kreuzberg{,.foreign-$(date +%Y%m%d)}
  mv ~/../codex/skills/kustomize-overlay{,.foreign-$(date +%Y%m%d)}
  mv ~/../codex/skills/learn-about-system{,.foreign-$(date +%Y%m%d)}
  mv ~/../codex/skills/learn-certify{,.foreign-$(date +%Y%m%d)}
  mv ~/../codex/skills/learn-goal{,.foreign-$(date +%Y%m%d)}
  mv ~/../codex/skills/learn-grade{,.foreign-$(date +%Y%m%d)}
  mv ~/../codex/skills/learn-harness{,.foreign-$(date +%Y%m%d)}
  mv ~/../codex/skills/learn-kb{,.foreign-$(date +%Y%m%d)}
  mv ~/../codex/skills/learn-plan{,.foreign-$(date +%Y%m%d)}
  mv ~/../codex/skills/learn-practice{,.foreign-$(date +%Y%m%d)}
  mv ~/../codex/skills/learn-retain{,.foreign-$(date +%Y%m%d)}
  mv ~/../codex/skills/learn-survey{,.foreign-$(date +%Y%m%d)}
  mv ~/../codex/skills/librefang-wasm-skill{,.foreign-$(date +%Y%m%d)}
  mv ~/../codex/skills/liter-llm-bridge{,.foreign-$(date +%Y%m%d)}
  mv ~/../codex/skills/llm-wiki{,.foreign-$(date +%Y%m%d)}
  mv ~/../codex/skills/mcp-server{,.foreign-$(date +%Y%m%d)}
  mv ~/../codex/skills/minimalist-ui{,.foreign-$(date +%Y%m%d)}
  mv ~/../codex/skills/native-agent{,.foreign-$(date +%Y%m%d)}
  mv ~/../codex/skills/performance{,.foreign-$(date +%Y%m%d)}
  mv ~/../codex/skills/pmpo-elicit{,.foreign-$(date +%Y%m%d)}
  mv ~/../codex/skills/pmpo-evolver{,.foreign-$(date +%Y%m%d)}
  mv ~/../codex/skills/pmpo-outer-loop{,.foreign-$(date +%Y%m%d)}
  mv ~/../codex/skills/pmpo-skill-creator{,.foreign-$(date +%Y%m%d)}
  mv ~/../codex/skills/prometheus-context-bootstrap{,.foreign-$(date +%Y%m%d)}
  mv ~/../codex/skills/prometheus-entity-skills{,.foreign-$(date +%Y%m%d)}
  mv ~/../codex/skills/prometheus-impeccable-core{,.foreign-$(date +%Y%m%d)}
  mv ~/../codex/skills/prometheus-rust-auditor{,.foreign-$(date +%Y%m%d)}
  mv ~/../codex/skills/prometheus-rust-workspace{,.foreign-$(date +%Y%m%d)}
  mv ~/../codex/skills/prometheus-ui-review{,.foreign-$(date +%Y%m%d)}
  mv ~/../codex/skills/prometheus-ui-ux{,.foreign-$(date +%Y%m%d)}
  mv ~/../codex/skills/pyo3-bridge{,.foreign-$(date +%Y%m%d)}
  mv ~/../codex/skills/react-vite-stack{,.foreign-$(date +%Y%m%d)}
  mv ~/../codex/skills/rebrand-artifact{,.foreign-$(date +%Y%m%d)}
  mv ~/../codex/skills/redesign-existing-projects{,.foreign-$(date +%Y%m%d)}
  mv ~/../codex/skills/refine-a2ui{,.foreign-$(date +%Y%m%d)}
  mv ~/../codex/skills/refine-content{,.foreign-$(date +%Y%m%d)}
  mv ~/../codex/skills/refine-image{,.foreign-$(date +%Y%m%d)}
  mv ~/../codex/skills/refine-logo{,.foreign-$(date +%Y%m%d)}
  mv ~/../codex/skills/refine-mcp-ui{,.foreign-$(date +%Y%m%d)}
  mv ~/../codex/skills/refine-moodboard{,.foreign-$(date +%Y%m%d)}
  mv ~/../codex/skills/refine-status{,.foreign-$(date +%Y%m%d)}
  mv ~/../codex/skills/refine-ui{,.foreign-$(date +%Y%m%d)}
  mv ~/../codex/skills/refine-validate{,.foreign-$(date +%Y%m%d)}
  mv ~/../codex/skills/rust-async-patterns{,.foreign-$(date +%Y%m%d)}
  mv ~/../codex/skills/rust-best-practices{,.foreign-$(date +%Y%m%d)}
  mv ~/../codex/skills/rust-mcp-server-generator{,.foreign-$(date +%Y%m%d)}
  mv ~/../codex/skills/scaffold-flutter-a2ui{,.foreign-$(date +%Y%m%d)}
  mv ~/../codex/skills/scaffold-react-vite{,.foreign-$(date +%Y%m%d)}
  mv ~/../codex/skills/scaffold-react-vite-a2ui{,.foreign-$(date +%Y%m%d)}
  mv ~/../codex/skills/scaffold-react-vite-agui{,.foreign-$(date +%Y%m%d)}
  mv ~/../codex/skills/scaffold-react-vite-tauri{,.foreign-$(date +%Y%m%d)}
  mv ~/../codex/skills/stage-01-planner{,.foreign-$(date +%Y%m%d)}
  mv ~/../codex/skills/stage-02-search{,.foreign-$(date +%Y%m%d)}
  mv ~/../codex/skills/stage-03-retrieve{,.foreign-$(date +%Y%m%d)}
  mv ~/../codex/skills/stage-04-collect{,.foreign-$(date +%Y%m%d)}
  mv ~/../codex/skills/stage-05-verify{,.foreign-$(date +%Y%m%d)}
  mv ~/../codex/skills/stage-06-resolve{,.foreign-$(date +%Y%m%d)}
  mv ~/../codex/skills/stage-07-graph{,.foreign-$(date +%Y%m%d)}
  mv ~/../codex/skills/stage-08-cite{,.foreign-$(date +%Y%m%d)}
  mv ~/../codex/skills/stage-09-report{,.foreign-$(date +%Y%m%d)}
  mv ~/../codex/skills/stage-10-export{,.foreign-$(date +%Y%m%d)}
  mv ~/../codex/skills/start-business-build{,.foreign-$(date +%Y%m%d)}
  mv ~/../codex/skills/stitch-design-taste{,.foreign-$(date +%Y%m%d)}
  mv ~/../codex/skills/swiftui-pro{,.foreign-$(date +%Y%m%d)}
  mv ~/../codex/skills/sycophancy-correction{,.foreign-$(date +%Y%m%d)}
  mv ~/../codex/skills/tauri-react-vite{,.foreign-$(date +%Y%m%d)}
  mv ~/../codex/skills/typescript-base-patterns{,.foreign-$(date +%Y%m%d)}
  mv ~/../codex/skills/ui-surface{,.foreign-$(date +%Y%m%d)}
  mv ~/../codex/skills/ui-ux-pro-max{,.foreign-$(date +%Y%m%d)}
  mv ~/../codex/skills/upload-to-bossfang{,.foreign-$(date +%Y%m%d)}
  mv ~/../codex/skills/validate-idea{,.foreign-$(date +%Y%m%d)}
  mv ~/../codex/skills/validate-skill{,.foreign-$(date +%Y%m%d)}
  mv ~/../codex/skills/variant{,.foreign-$(date +%Y%m%d)}
  mv ~/../codex/skills/vercel-composition-patterns{,.foreign-$(date +%Y%m%d)}
  mv ~/../codex/skills/vercel-react-best-practices{,.foreign-$(date +%Y%m%d)}
  mv ~/../codex/skills/vercel-react-native-skills{,.foreign-$(date +%Y%m%d)}
  mv ~/../codex/skills/web-design-guidelines{,.foreign-$(date +%Y%m%d)}
  mv ~/../codex/skills/workspace-structure{,.foreign-$(date +%Y%m%d)}
  mv ~/../codex/skills/spec-gate{,.foreign-$(date +%Y%m%d)}
  mv ~/../codex/skills/spec-gate{,.foreign-$(date +%Y%m%d)}
  mv ~/../codex/skills/spec-gate-score{,.foreign-$(date +%Y%m%d)}
  mv ~/../codex/skills/spec-gate-status{,.foreign-$(date +%Y%m%d)}
  node scripts/install.js --scope user

install-plugin-generation: 217 skill(s) not installed at canonical name
